title,description,autor,date,hour,source
,,,,,https://usuarios.eldiario.es/boletines/
,,,,,https://branded.eldiario.es/tecnologia-con-proposito/sostenibilidad-2-0.html
,,,,,https://andaluciainforma.eldiario.es/bizum-establece-un-numero-maximo-de-cobros-al-mes-en-2026-y-muchos-usuarios-lo-desconocen/
,,,,,https://madridinforma.eldiario.es/ya-puedes-obtener-el-certificado-de-empadronamiento-al-instante-como-pedirlo-y-que-documentacion-necesitas/
Las 22.000 viviendas cordobesas en zona inundable que viven pendientes de la lluvia que viene,"La Confederaci√≥n Hidrogr√°fica del Guadalquivir actualiz√≥ sus mapas de riesgo en la provincia de C√≥rdoba hace un a√±o, con las construcciones con riesgo de anegarse en caso de que crezca el caudal de r√≠os y arroyos",Alfonso Alba,31 de enero de 2026,19:58 h,https://cordopolis.eldiario.es/cordoba-hoy/sociedad/22-000-viviendas-cordobesas-zona-inundable-viven-pendientes-lluvia-viene_1_12949553.html
,,,,,https://quo.eldiario.es/psicologia/q2601131524/que-es-el-narcisismo-victimista-esto-es-lo-que-los-delata
,,,,,https://librotea.eldiario.es/estanterias/periodismo-literario-libros-recopilan-articulos-escritores
Los consejos de la DGT para circular en carreteras con nieve de manera segura,"Las condiciones meteorol√≥gicas cambian por completo la circulaci√≥n, exigiendo prudencia y adaptaci√≥n constante para garantizar seguridad en desplazamientos cuando las carreteras se vuelven imprevisibles",Edu Molina,28 de enero de 2026,11:56 h,https://www.eldiario.es/motor/consejos-dgt-circular-carreteras-nieve-manera-segura_1_12941841.html
"Un Jeep h√≠brido, el√©ctrico o t√©rmico: ¬øqu√© tecnolog√≠a de propulsi√≥n es mejor en cada caso?","El coraz√≥n de la gama Jeep lo forman el Avenger y el Compass, disponibles en diferentes tecnolog√≠as de propulsi√≥n y con tracci√≥n delantera o a las cuatro ruedas",,,,https://www.eldiario.es/motor/jeep-hibrido-electrico-termico-tecnologia-propulsion-mejor-caso_1_12935557.html
De 200 a 800 euros: las multas por no tener o circular en patinete sin seguro,La nueva norma establece la obligaci√≥n de asegurar estos veh√≠culos e inscribirlos en el Registro Nacional de Veh√≠culos que gestiona la Direcci√≥n General de Tr√°fico (DGT),Raquel S√°ez,29 de enero de 2026,12:34 h,https://www.eldiario.es/motor/200-800-euros-multas-no-circular-patinete-seguro-pm_1_12946135.html
La etiqueta B entra en una nueva fase: qu√© cambia en 2026 con la ley de movilidad y las ZBE en Madrid y Barcelona,Desde junio de 2025 los veh√≠culos con etiqueta B no pueden circular ni estacionar en la ZBE de Bilbao en horario laboral,Ada Sanuy,29 de enero de 2026,13:00 h,https://www.eldiario.es/motor/etiqueta-b-entra-nueva-fase-cambia-2026-ley-movilidad-zbe-madrid-barcelona_1_12946843.html
¬øCu√°ndo inicia el A√±o Nuevo chino y qu√© se espera de cada uno de sus animales del hor√≥scopo?,"El A√±o del Caballo de Fuego arranca en febrero de 2026 y llega con una energ√≠a intensa, de cambio r√°pido y decisiones sin freno",Adri√°n Roque,,,https://www.eldiario.es/spin/inicia-ano-nuevo-chino-espera-animales-horoscopo-pm_1_12949438.html
Primera ascensi√≥n invernal de 'Schutzengelweg' en la cara norte del Sagwandspitze,Martin Sieberer y Lukas Waldner completan adem√°s la primera repetici√≥n conocida de la ruta en los √∫ltimos en 34 a√±os,,,,https://www.eldiario.es/campobase/noticias/sagwandspitze-cara-norte-schutzengelweg-escalada-invernal_1_12929637.html
Las cuentas de elDiario.es en 2024: un peri√≥dico blindado por su comunidad,elDiario.es cierra otro ejercicio con super√°vit y sin deuda. El n√∫mero de socios crece un 32% en solo un a√±o. Mejoramos los salarios de la redacci√≥n y contratamos a m√°s periodistas,,28 de junio de 2025,08:38 h,https://www.eldiario.es/escolar/cuentas-eldiario-2024-periodico-blindado-comunidad_132_12421645.html
"'50 a√±os de libertad', la nueva revista de elDiario.es",,,17 de noviembre de 2025,13:36 h,https://www.eldiario.es/redaccion/50-anos-libertad-nueva-revista-eldiario_132_12773607.html
¬øC√≥mo se conmueve a un aborrecedor serial?,"‚ÄúMi capacidad como editor es aborrecer. Como autor necesitas un opositor, alguien que se atreva a decirte esto es aburrido‚Äù. Relator√≠a del taller dictado por Julio Villanueva Chang durante el VII Encuentro de Periodismo Iberoamericano organizado por elDiario.es",,20 de diciembre de 2025,17:32 h,https://www.eldiario.es/cultura/conmueve-aborrecedor-serial_1_12861499.html
Kit Digital concluye su per√≠odo de solicitudes: un gran impulso a la digitalizaci√≥n de las pymes pero tambi√©n de la Administraci√≥n,El programa de subvenciones para pymes y aut√≥nomos ha repartido 3.500 millones de euros en nueve de cada diez localidades espa√±olas,elDiario.es,,,https://www.eldiario.es/tecnologia/kit-digital-concluye-periodo-solicitudes-gran-impulso-digitalizacion-pymes-administracion_1_12839913.html
"A nadie le amarga un dulce, por Asia: los 5 postres m√°s queridos en todo Corea del Sur","Si la reposter√≠a europea es puro arte, la asi√°tica no se queda atr√°s, y en concreto la surcoreana tiene todos estos platazos",Adri√°n Roque,,,https://www.eldiario.es/viajes/nadie-le-amarga-dulce-asia-5-postres-queridos-corea-sur-pm_1_12943910.html
"Reus, ciudad natal de Gaud√≠, inaugura un mural en su honor por el centenario de su muerte","Una obra de gran formato, con RA y vocaci√≥n internacional, quiere reivindicar a Reus como el origen creativo del arquitecto",Adri√°n Roque,,,https://www.eldiario.es/viajes/reus-ciudad-natal-gaudi-inaugura-2026-mural-honor-centenario-muerte-pm_1_12949363.html
Este es el epicentro de Bruselas: la plaza ba√±ada en oro que se ti√±e con un manto de flores una vez al a√±o,"Historia gremial, fachadas doradas y una alfombra vegetal ef√≠mera convierten a la Grand Place en el coraz√≥n de la capital belga",Adri√°n Roque,,,https://www.eldiario.es/viajes/epicentro-bruselas-plaza-banada-oro-tine-manto-flores-vez-ano-pm_1_12949471.html
A nadie le amarga un dulce por Asia: los 5 postres m√°s reconocidos en toda la India,"Si la reposter√≠a europea es puro arte, la asi√°tica no se queda atr√°s, y en concreto la india tiene todos estos platazos",Adri√°n Roque,,,https://www.eldiario.es/viajes/nadie-le-amarga-dulce-asia-5-postres-reconocidos-india-pm_1_12943938.html
Una forma perfectamente rectangular emerge en la playa de Rota y los expertos aseguran que no tiene origen natural,,H√©ctor Farr√©s,,,https://www.eldiario.es/spin/forma-perfectamente-rectangular-emerge-playa-rota-expertos-aseguran-no-origen-natural-pm_1_12941628.html
Las presas falsas de castores se convierten en la nueva herramienta para restaurar zonas arrasadas por incendios,,H√©ctor Farr√©s,,,https://www.eldiario.es/spin/mundo-animal/presas-falsas-castores-convierten-nueva-herramienta-restaurar-zonas-arrasadas-incendios_1_12952835.html
La qu√≠mica del sarro medieval desvela remedios letales aplicados a enfermos de lepra,,H√©ctor Farr√©s,,,https://www.eldiario.es/spin/quimica-sarro-medieval-desvela-remedios-letales-aplicados-enfermos-lepra-pm_1_12945147.html
‚ÄúNo es solo un animal‚Äù: Miles de personas lloran a los pandas que Jap√≥n ha devuelto a China,"Entre la nostalgia, recuerdos y simbolismo se vive en Jap√≥n el adi√≥s a Xiao Xiao y Lei Lei",Inma Moraleda,,,https://www.eldiario.es/spin/no-animal-miles-personas-lloran-pandas-japon-devuelto-china-pm_1_12950877.html
Antena 3 anuncia en qu√© semana entregar√° el mayor bote de la historia de 'Pasapalabra',"Aunque a√∫n no se ha dado la fecha definitiva, la cadena de Atresmedia estrecha el cerco con otra pista fundamental",Gabriel Arias Romero,,,https://www.eldiario.es/vertele/noticias/antena-3-anuncia-cuando-se-va-a-entregar-el-mayor-bote-de-pasapalabra-manu-rosa_1_12952225.html
La pensionista Maribel Mes√≥n reapareci√≥ en laSexta tras ser v√≠ctima de un bulo: ‚ÄúEste pa√≠s se est√° banalizando‚Äù,La colaboradora de 'laSexta Xplica' pudo defenderse de esta ‚Äúdifamaci√≥n‚Äù agitada por la ultraderecha,Gabriel Arias Romero,,,https://www.eldiario.es/vertele/noticias/pensionista-maribel-meson-lasexta-xplica-victima-bulo-tren-adamuz-video_1_12953790.html
"Jos√© Y√©lamo supera los 'desaf√≠os' de 'laSexta Xplica': ‚ÄúSomos un programa y una cadena progresista, no me escondo‚Äù","Jos√© Y√©lamo vive uno de sus mejores momentos en Atresmedia. Adem√°s de presentar cada s√°bado 'laSexta Xplica', ahora tambi√©n se asoma a la ventana de Antena 3 como concursante de 'El Desaf√≠o'. Hemos hablado con √©l sobre este coqueteo con el mundo del entretenimiento, y acerca del desgaste que provoca una tertulia de pol√≠tica tan agitada como la que modera",Gabriel Arias Romero,,,https://www.eldiario.es/vertele/entrevistas/jose-yelamo-desafio-lasexta-xplica-programa-cadena-progresista-criticas_1_12947985.html
,"Aunque el concurso de Antena 3 pierde audiencia respecto a la semana pasada, sus datos le mantienen como la oferta m√°s potente de la noche del s√°bado. 'Got Talent' se ve superado por el cine de La 1, as√≠ que da un paso atr√°s. En cualquier caso, fue el contenido m√°s fuerte de Telecinco en la jornada de este 31 de enero",Gabriel Arias Romero,1 de febrero de 2026,11:16 h,https://www.eldiario.es/vertele/audiencias-tv/sabado-31-enero-2026-atrapa-un-millon-lider-antena-3-got-talent-bajo-minimos-telecinco_1_12953437.html
Las claves para lograr una tortilla cuajada y perfecta como la que ha compartido Dani Garc√≠a en 'El Hormiguero',"El cocinero ha dado por zanjado el debate de la tortilla con y sin cebolla, ‚Äúle puedes poner cebolla, pimiento, chorizo, lo que quieras; pero es adulterarla‚Äù, ha insistido",Elena Segura,,,https://www.eldiario.es/consumoclaro/claves-lograr-tortilla-cuajada-perfecta-compartido-dani-garcia-hormiguero_1_12949545.html
Una ruta por el Alentejo: siete pueblos con encanto para descubrir Portugal entre casas blancas y castillos,"Desde joyas como Marv√£o o Monsaraz hasta villas artesanas como Arraiolos, esta ruta propone un viaje por algunos de los pueblos m√°s bonitos del Alentejo, una de las regiones m√°s extensas y variadas de Portugal",Roberto Ruiz,30 de enero de 2026,22:30 h,https://www.eldiario.es/viajes/alentejo-siete-pueblos-encanto-descubrir-portugal-casas-blancas-castillos_1_12944208.html
C√≥mo saber cu√°ndo es el momento de dejarlo con tu pareja o lo que aprendimos de Javier Ambrossi en 'La Revuelta',De la recuperaci√≥n del ‚Äòyo‚Äô a ‚Äòla renuncia silenciosa‚Äô: las se√±ales para identificar que una relaci√≥n se ha acabado,Paloma Mart√≠nez Varela,29 de enero de 2026,21:39 h,https://www.eldiario.es/era/momento-dejarlo-pareja-aprendimos-javier-ambrossi-revuelta_1_12947311.html
"La fortaleza de Hulk, el perro que sobrevivi√≥ atado en un campo y que ahora busca familia",El peludo espera recalar en un hogar donde reciba los cuidados que nunca ha tenido,Raquel S√°ez,30 de enero de 2026,12:28 h,https://www.eldiario.es/spin/mundo-animal/fortaleza-hulk-perro-sobrevivio-atado-campo-ahora-busca-familia-pm_1_12949564.html
Ser la t√≠a favorita: por qu√© es una figura tan importante para los ni√±os y adolescentes,"Aunque siempre la ha tenido, el papel de la t√≠a ha tomado en los √∫ltimos a√±os una especial relevancia, y con car√°cter positivo: ‚ÄúEs como tener a ratos lo mejor de ser madre, pero con espacio y libertad‚Äù",Carmen L√≥pez,30 de enero de 2026,22:30 h,https://www.eldiario.es/nidos/tia-favorita-figura-importante-ninos-adolescentes_1_12950375.html
Las casas de este peque√±o pueblo asturiano se comunican gracias a t√∫neles y pasadizos,La orograf√≠a de Argul provoc√≥ un estilo arquitect√≥nico que permit√≠a recorrer la aldea bajo techos de madera y pizarra,Alberto G√≥mez,,,https://www.eldiario.es/viajes/casas-pequeno-pueblo-asturiano-comunican-gracias-tuneles-pasadizos-pm_1_12948735.html
El Premio Nacional Xes√∫s Fraga y el poeta Xerardo Quinti√° se escriben sobre literatura y la Negra Sombra de la depresi√≥n,"El libro 'Tempo de correspondencia' recoge un intercambio de cartas en el que los autores gallegos reflexionan sobre sus obras en marcha, el lugar de origen o c√≥mo los trastornos de salud mental afectaron a su escritura",Daniel Salgado,1 de febrero de 2026,06:00 h,https://www.eldiario.es/galicia/premio-nacional-xesus-fraga-poeta-xerardo-quintia-escriben-literatura-negra-sombra-depresion_1_12947975.html
Gato por liebre,"Hace un par de a√±os, Noam Chomsky, Ian Roberts y Jeffrey Watumull escrib√≠an en el New York Times que resulta ‚Äòc√≥mico y tr√°gico al mismo tiempo que se dedique tanto dinero y atenci√≥n a algo tan insignificante‚Äô como la falsa IA que nos est√°n vendiendo",,31 de enero de 2026,22:20 h,https://www.eldiario.es/cultura/gato-liebre_129_12952897.html
"Regino Mateo, bi√≥grafo de Bach: ‚ÄúEl bombo me parece el instrumento adecuado para Trump‚Äù","El music√≥logo y poeta publica con El Desvelo Ediciones un texto desenfadado y riguroso sobre el compositor alem√°n, ‚Äúun tipo absolutamente moderno e infinito‚Äù",Olga Ag√ºero,,,https://www.eldiario.es/cantabria/ultimas-noticias/regino-mateo-biografo-bach-bombo-parece-instrumento-adecuado-trump_1_12936856.html
"Una tristeza sin nombre, una muerte ejemplar y otros planes culturales para descubrir emociones ocultas","La canci√≥n de apertura de unos de los lanzamientos musicales m√°s esperados del a√±o o una de las pel√≠culas favoritas al Oscar, entre las recomendaciones para este fin de semana",,,,https://www.eldiario.es/cultura/cultura/tristeza-nombre-muerte-ejemplar-planes-culturales-descubrir-emociones-ocultas_132_12948978.html
"‚ÄúVerte, aunque fuese un minuto de lejos‚Äù: las cartas secretas de Pedro Salinas a Katherine R. Whitmore desde Santander","Mientras trabajaba activamente en la puesta en marcha de esta instituci√≥n acad√©mica para la nueva Rep√∫blica, el poeta escrib√≠a desde el Palacio de La Magdalena apasionadas cartas secretas a la mujer de la que se acababa de enamorar y que inspir√≥ su inolvidable trilog√≠a de poes√≠a amorosa: 'La voz a ti debida', 'Raz√≥n de amor' y 'Largo lamento'",,31 de enero de 2026,21:00 h,https://www.eldiario.es/cantabria/cronicas-secretas/verte-fuese-minuto-lejos-cartas-secretas-pedro-salinas-katherine-r-whitmore-santander_132_12928906.html
,,,,,https://www.eldiario.es/juegos/game/word/
Porque no quieren,,,31 de enero de 2026,22:20 h,https://www.eldiario.es/opinion/no-quieren_131_12953061.html
üéô PODCAST | El d√≠a en que te puedan suplantar por la voz ya est√° aqu√≠,En este episodio hablamos de compa√±√≠as especializadas en crear voces artificiales que parecen humanas,Antonio Mart√≠nez Ron,,,https://www.eldiario.es/sociedad/catastrofe-ultravioleta/podcast-dia-puedan-suplantar-voz_1_12936434.html
üéôÔ∏è PODCAST | Lo de la ba√±era - Episodio 8,"Escucha el octavo episodio del podcast 'Plot twist', una serie narrativa que relata la evoluci√≥n de Espa√±a en los √∫ltimos 50 a√±os",elDiario.es,,,https://www.eldiario.es/sociedad/podcast-banera-episodio-8_1_12935947.html
"Morofobia, un racismo ‚Äòmarca Espa√±a‚Äô","Una nueva entrega de ‚ÄòEfecto Llamada‚Äô, nuestra secci√≥n antirracista con el periodista e investigador Youssef Ouled",,27 de enero de 2026,16:26 h,https://www.eldiario.es/carnecruda/programas/morofobia-racismo-marca-espana_132_12940343.html
üéô PODCAST | No todos perdimos la guerra,"Al nuevo revisionismo hist√≥rico le gusta el relato de las dos Espa√±as, retroalimentar los bandos de hace 90 a√±os. Como si los nietos de republicanos defendieran la democracia solo por herencia familiar. Como si los nietos de los franquistas no pudieran tambi√©n condenar la dictadura. ¬øY si le damos una vuelta?",,,,https://www.eldiario.es/blog/al-dia/podcast-no-perdimos-guerra_132_12947333.html
Rodalies afronta la recuperaci√≥n del servicio el lunes con 179 tramos de velocidad reducida,El anuncio del Govern de que los trenes volver√≠an a la normalidad se enfrenta a las dificultades para que la red est√© al 100%,elDiario.es Catalunya,31 de enero de 2026,09:42 h,https://www.eldiario.es/catalunya/rodalies-afronta-recuperacion-servicio-lunes-179-tramos-velocidad-reducida_1_12951988.html
Los mercados se tambalean al son de un d√≥lar d√©bil,"El ‚Äòbillete verde‚Äô evidencia la fragilidad de su reinado monetario en el primer aniversario de Trump 2.0, en medio de un orden mundial en convulsi√≥n con el oro refrendando su estatus de valor refugio y las grandes tecnol√≥gicas admitiendo excesos inversores en IA y destruyendo empleo",Ignacio J. Domingo,30 de enero de 2026,22:30 h,https://www.eldiario.es/economia/mercados-tambalean-son-dolar-debil_1_12949883.html
C√≥mo elegir si cobrar el salario en 12 o en 14 pagas: ‚ÄúDisponer antes del dinero es una ventaja solo si sabes qu√© hacer con √©l‚Äù,"Liquidez inmediata o ahorro forzoso, la experta en finanzas personales Andrea Morales explica c√≥mo tomar esta decisi√≥n seg√∫n la capacidad de planificaci√≥n y control del gasto",Paloma Mart√≠nez Varela,,,https://www.eldiario.es/economia/tu-economia/como-elegir-cobrar-salario-12-14-pagas-disponer-antes-dinero-ventaja-sabes-hacer-xp_1_12950751.html
"El Gobierno vasco garantiza a La Perla, el balneario sobre la arena de La Concha, la concesi√≥n para otros 30 a√±os","La transferencia de las competencias de Costas a Euskadi zanja la pol√©mica que se manten√≠a con la Administraci√≥n central sobre los usos de los locales que albergan el hist√≥rico edificio de Donostia, y que acogen, adem√°s del balneario, restaurante, discoteca y dos clubes deportivos en la misma playa",Bel√©n Ferreras,31 de enero de 2026,21:45 h,https://www.eldiario.es/euskadi/gobierno-vasco-garantiza-perla-balnerario-arena-concha-concesion-30-anos_1_12949349.html
Indra autoriza a su consejero delegado a negociar la estructura de una operaci√≥n con Escribano,Se prev√© que De los Mozos se reuna en los pr√≥ximos d√≠as con Javier Escribano para empezar a estructurar la operaci√≥n de fusi√≥n entre ambas empresas,elDiario.es,,,https://www.eldiario.es/economia/indra-autoriza-consejero-delegado-negociar-estructura-operacion-escribano_1_12954229.html
La cara B de la productividad: los trabajadores son cada vez m√°s eficientes pero al capital todav√≠a le pesa el ladrillo,"Espa√±a hace frente a un ‚Äúciclo de crecimiento ins√≥lito‚Äù en el que el PIB, el empleo, los salarios y el rendimiento de la mano de obra crecen, algo que no hab√≠a sucedido hasta ahora. Pero las cicatrices de la burbuja inmobiliaria todav√≠a arrastran a la eficiencia del patrimonio empresarial",√Ålvaro Celorio,30 de enero de 2026,22:30 h,https://www.eldiario.es/economia/cara-b-productividad-trabajadores-son-vez-eficientes-capital-todavia-le-pesa-ladrillo_1_12950554.html
La guerra no la perdimos todos: el 'asalto' al consenso hist√≥rico sobre el franquismo como estrategia pol√≠tica,El revisionismo que enarbola la ultraderecha sobre la dictadura y la Guerra Civil se entrelaza con el fen√≥meno en auge de desacreditar y dudar sistem√°ticamente de las voces de autoridad a pesar de que la historiograf√≠a ha llegado a consensos a base de la investigaci√≥n rigurosa sobre el pasado,Marta Borraz,30 de enero de 2026,22:30 h,https://www.eldiario.es/sociedad/guerra-no-perdimos-asalto-consenso-historico-franquismo-estrategia-politica_1_12940342.html
"Eduardo Millares Sall, el artista canario que caricaturiz√≥ las miradas m√°s influyentes de la segunda mitad del siglo XX","Un libro recopila medio millar de caricaturas de ‚ÄòCho Ju√°a‚Äô, testimonio en tinta de historia isle√±a, entre la ternura, la cr√≠tica y la socarroner√≠a",Gara Santana,1 de febrero de 2026,06:00 h,https://www.eldiario.es/canariasahora/cultura/eduardo-millares-sall-artista-canario-caricaturizo-miradas-influyentes-segunda-mitad-siglo-xx_1_12951868.html
Un intento de mot√≠n en la c√°rcel de Huelva pone en alerta a los sindicatos: ‚ÄúSe necesitan m√°s medios‚Äù,El traslado de un interno violento provoca la reacci√≥n violenta de varios reclusos que llegaron a levantar una barricada con mesas y sillas en la sala de d√≠a,elDiarioand,31 de enero de 2026,21:30 h,https://www.eldiario.es/andalucia/huelva/sucesos-sindicatos-alertan-grave-altercado-centro-penitenciario-huelva_1_12953057.html
Una carta de amor convertida en cuento: la historia de ‚Äútodo lo que ya no podr√° decirle‚Äù una madre a su hija,"'Mi peque√±a Luz' parte de una ep√≠stola que Ascen, una maestra manzanare√±a, escribi√≥ a su hija antes de fallecer y que ahora, Ernesto, su marido, ha transformado en un libro ilustrado que ya ha agotado su primera edici√≥n. Ahora va a volver a imprimirse para cumplir con la demanda de las nuevas presentaciones en localidades castellanomachegas como Manzanares, Toledo, Porzuna o La Solana en los pr√≥ximos meses",Rodrigo Abad,,,https://www.eldiario.es/castilla-la-mancha/cultura/carta-amor-convertida-cuento-historia-no-podra-decirle-madre-hija_1_12948535.html
Eduardo cede a la Administraci√≥n su herramienta para delatar vertidos ilegales: ‚ÄúLe dedico todo mi tiempo libre‚Äù,"Ha firmado un convenio de colaboraci√≥n gratuito con el Govern para, gracias a la Inteligencia Artificial, actuar r√°pidamente contra los delitos ambientales. El a√±o pasado sac√≥ un sistema para tocar el ukelele para personas con discapacidad. ‚ÄúMi objetivo es la soluci√≥n, no lo hago por el dinero‚Äù, comenta",Esther Cabezas,1 de febrero de 2026,06:00 h,https://www.eldiario.es/illes-balears/sociedad/eduardo-cede-administracion-herramienta-delatar-vertidos-ilegales-le-dedico-tiempo-libre_1_12950271.html
¬øToda la materia que existe se cre√≥ en el Big Bang o se sigue creando materia nueva?,"La materia existente se transforma constantemente en el interior de las estrellas, pero en un universo que se expande y se enfr√≠a, las condiciones ya no permiten la creaci√≥n de nuevas part√≠culas con masa",,31 de enero de 2026,22:20 h,https://www.eldiario.es/sociedad/materia-existe-creo-big-bang-sigue-creando-materia-nueva_1_12945843.html
El papel de la cirug√≠a rob√≥tica en Ginecolog√≠a y Urolog√≠a: mejora de la precisi√≥n y de los resultados,La cirug√≠a rob√≥tica ha transformado el panorama del tratamiento en el √°rea genitourinaria,Merc√® Palau,,,https://www.eldiario.es/edcreativo/diario-salud/papel-cirugia-robotica-ginecologia-urologia-mejora-precision-resultados_1_12940290.html
"Dise√±o, conectividad e hibridaci√≥n ligera: las claves del nuevo Kia Stonic",El segundo modelo m√°s demandado de la marca coreana recibe un nuevo lenguaje de dise√±o junto con mejoras en conectividad y una oferta optimizada de motores,,,,https://www.eldiario.es/motor/diseno-conectividad-e-hibridacion-ligera-claves-nuevo-kia-stonic_1_12896175.html
El infame ejercicio de llevar el odio a la rotura de una v√≠a,,,31 de enero de 2026,22:20 h,https://www.eldiario.es/opinion/infame-ejercicio-llevar-odio-rotura-via_129_12952870.html
El juez decide la guerra entre Catal√° y el colectivo anti Peter Lim por las obras del nuevo Mestalla,"El Ayuntamiento remite al juzgado su escrito de conclusiones en el que acusa a Libertad VCF de querer ‚Äúentorpecer o retrasar‚Äù el proyecto, mientras el club hace lo propio calificando la demanda de la plataforma de accionistas de ‚Äúinsulto a la inteligencia‚Äù y ‚Äúdesprop√≥sito‚Äù; los trabajos avanzan con la colocaci√≥n de los pilares de la cubierta",Carlos Navarro Castell√≥,1 de febrero de 2026,02:04 h,https://www.eldiario.es/comunitat-valenciana/valencia/juez-decide-guerra-catala-colectivo-anti-peter-lim-obras-nuevo-mestalla_1_12951196.html
La consellera catalana de Educaci√≥n estar√° unas semanas de baja por una intervenci√≥n quir√∫rgica,Esther Niub√≥ muestra ‚Äúm√°xima confianza‚Äù en el equipo m√©dico para ‚Äúretomar la actividad lo m√°s pronto posible y en las mejores condiciones‚Äù,elDiario.es Catalunya,1 de febrero de 2026,10:26 h,https://www.eldiario.es/catalunya/consellera-catalana-educacion-estara-semanas-baja-intervencion-quirurgica_1_12953422.html
El fiscal de la dana frena a HazteOir y dice que citar de testigo a Pedro S√°nchez no aportar√≠a nada a la investigaci√≥n,El representante del Ministerio P√∫blico avala como ‚Äúajustada a Derecho‚Äù la resoluci√≥n de la magistrada instructora que descart√≥ investigar las comunicaciones entre el presidente del Gobierno y Carlos Maz√≥n,Lucas Marco,31 de enero de 2026,22:20 h,https://www.eldiario.es/comunitat-valenciana/fiscal-dana-frena-hazteoir-dice-citar-testigo-pedro-sanchez-no-aportaria-investigacion_1_12950940.html
Al juicio a los Pujol le falta un empresario que tire de la manta,El primer tramo de la vista se le hace cuesta arriba a la Fiscal√≠a Anticorrupci√≥n ante la ausencia de testigos o acusados que vinculen los pelotazos del primog√©nito con comisiones por obra p√∫blica,,31 de enero de 2026,22:20 h,https://www.eldiario.es/catalunya/juicio-pujol-le-falta-empresario-tire-manta_129_12949254.html
"Alberto Izquierdo (PAR): ‚ÄúSomos el hermano pobre de la multilateralidad, yo hablar√≠a m√°s de una hacienda foral‚Äù",El cabeza de lista aragonesista reivindica su cercan√≠a con el territorio y carga contra Vox y contra Teruel Existe,Esther L. Chamorro,31 de enero de 2026,22:47 h,https://www.eldiario.es/aragon/politica/alberto-izquierdo-candidato-par-hermano-pobre-multilateralidad-hablaria-hacienda-foral_128_12949117.html
Abierto el plazo de inscripci√≥n para la VII edici√≥n de los Premios Desalambre,Ya est√° abierto el plazo de inscripci√≥n para aquellos proyectos period√≠sticos y de la sociedad civil en la defensa de los derechos humanos,elDiario.es,19 de enero de 2026,10:53 h,https://www.eldiario.es/desalambre/abierto-plazo-inscripcion-vii-edicion-premios-desalambre_1_12917827.html
Vandalizan los carteles promocionales del documental de Melania Trump para protestar contra ICE,La primera dama de Estados Unidos presenta una pel√≠cula producida por Amazon que no est√° teniendo mucho √©xito ni en las salas ni en las calles,El Rastreador,31 de enero de 2026,19:30 h,https://www.eldiario.es/rastreador/arrancan-carteles-promocionales-documental-melania-trump-protestar-ice_132_12952905.html
"El periodista Don Lemon, tras su arresto por informar de una protesta contra el ICE: ‚ÄúVoy a seguir cubriendo las noticias‚Äù","Tras su detenci√≥n, el ex presentador de la CNN ha sido liberado y ha mandado un mensaje ante los medios de comunicaci√≥n: ‚ÄúVoy a seguir cubriendo las noticias, como en los √∫ltimos 30 a√±os. No voy a parar. No voy a parar nunca‚Äù",elDiario.es,,,https://www.eldiario.es/internacional/periodista-don-lemon-arresto-informar-protesta-ice-seguir-cubriendo-noticias_1_12952465.html
Israel mata a al menos 32 personas en bombardeos en Gaza y el campo de refugiados de Al-Mawasi,"Solo en lo que llevamos de s√°bado Israel ha asesinado a al menos 32 personas, siete de ellas ni√±os. Uno de los bombardeos acab√≥ con la vida de una familia de siete personas que se encontraban en una tienda de campa√±a en el campo de Ghaith, que alberga a personas desplazadas",,31 de enero de 2026,14:07 h,https://www.eldiario.es/internacional/israel-mata-sabado-29-personas-bombardeos-gaza-campo-refugiados-mawasi_1_12952286.html
Arab Barghouti: ‚ÄúMi padre est√° en prisi√≥n porque representa un liderazgo unificador para el pueblo palestino‚Äù,"El hijo de Marwan Barghouti ‚Äìel l√≠der palestino con m√°s popularidad en las encuestas‚Äì pide la puesta en libertad de su padre, preso desde 2002: ‚ÄúSigue en aislamiento y con costillas rotas‚Äù, cuenta a elDiario.es",,30 de enero de 2026,22:29 h,https://www.eldiario.es/internacional/arab-barghouti-padre-prision-representa-liderazgo-unificador-pueblo-palestino_128_12950413.html
Delcy Rodr√≠guez anuncia una ley de amnist√≠a general para presos pol√≠ticos en Venezuela,"En un acto en el Tribunal Supremo de Justicia, Rodr√≠guez encarg√≥ que se presente la ley ante la Asamblea Nacional con el objetivo de ‚Äúreparar las heridas‚Äù",,31 de enero de 2026,09:05 h,https://www.eldiario.es/internacional/delcy-rodriguez-propone-ley-amnistia-general-presos-politicos-venezuela_1_12951970.html
"Antena 3 lidera las audiencias de enero, La 1 sigue en forma con nuevos r√©cords y Telecinco vive su peor inicio de a√±o","Analizamos los datos de audiencia del mes de enero de 2026. Antena 3 se lleva la victoria y encadena 18 meses en los m√°s alto del ranking. Sigue al acecho La 1, que firma su mejor inicio de a√±o en m√°s de una d√©cada. Todo lo contrario que Telecinco, que vive el peor enero de su historia. En cambio, Cuatro revalida este mes el triunfo que consigui√≥ en diciembre sobre laSexta",Pedro Z√°rate,1 de febrero de 2026,10:45 h,https://www.eldiario.es/vertele/audiencias-tv/antena-3-lidera-audiencias-enero-la-1-sigue-forma-nuevos-records-telecinco-vive-peor-inicio-ano_1_12946197.html
D√≠a de la marmota 2026: por qu√© se celebra el 2 de febrero y cu√°l es su origen,La ceremonia de Punxsutawney observa a la marmota Phil al salir de su madriguera para determinar si el invierno continuar√° o la primavera llegar√° pronto,Edu Molina,,,https://www.eldiario.es/spin/dia-marmota-2026-celebra-2-febrero-origen_1_12946351.html
,,,,,https://www.eldiario.es/juegos/game/trivial-de-actualidad/
"Cultura gratis: cu√°ndo visitar museos de Madrid, Barcelona, Val√®ncia, Sevilla o Zaragoza sin pagar entrada","Ver grandes obras de arte, colecciones cient√≠ficas o exposiciones contempor√°neas sin pagar entrada es posible en distintas capitales espa√±olas. Muchos museos abren gratis en d√≠as y franjas horarias concretas, solo hay que saber cu√°ndo ir",Roberto Ruiz,31 de enero de 2026,22:20 h,https://www.eldiario.es/viajes/cultura-gratis-visitar-museos-madrid-barcelona-valencia-sevilla-zaragoza-pagar-entrada_1_12893943.html
Claves de las destituciones en la c√∫pula del Ej√©rcito en China: el partido manda al fusil,"Los √∫ltimos ceses en la c√∫pula militar orquestados por Xi Jinping confirman la preeminencia del Partido Comunista sobre la estructura del Estado y alcanza su m√°ximo grado de centralidad desde 1978 y el mayor control efectivo sobre el Estado, el Ej√©rcito y la sociedad desde la muerte de Mao",,30 de enero de 2026,22:30 h,https://www.eldiario.es/internacional/claves-destituciones-cupula-ejercito-china-partido-manda-fusil_129_12941969.html
"R√©cord de mujeres y de migrantes trabajando, temporales en m√≠nimos y otros hitos del mercado laboral en 2025","El mercado laboral tuvo muy buen comportamiento el a√±o pasado, en el que se superaron varios m√°ximos hist√≥ricos y se redujeron algunos √≠ndices de precariedad, como la temporalidad y la parcialidad",Laura Ol√≠as,31 de enero de 2026,22:20 h,https://www.eldiario.es/economia/record-mujeres-migrantes-trabajando-temporales-minimos-hitos-mercado-laboral-2025_1_12949657.html
"Cathy Tie, biotecn√≥loga: ‚ÄúEn diez a√±os, editar embriones humanos ser√° tan normal como la fecundaci√≥n in vitro‚Äù","La bioinform√°tica canadiense es responsable de una de las empresas tecnol√≥gicas que se ha propuesto abrir el mel√≥n de la edici√≥n de embriones humanos, que traspasa los l√≠mites √©ticos y preocupa seriamente a la comunidad cient√≠fica",Antonio Mart√≠nez Ron,31 de enero de 2026,22:20 h,https://www.eldiario.es/sociedad/cathy-tie-biotecnologa-diez-anos-editar-embriones-humanos-sera-normal-fecundacion-in-vitro_128_12935367.html
El libro que fotografi√≥ el punk y pas√≥ d√©cadas descatalogado vuelve convertido en la biblia del g√©nero,"Casi medio siglo despu√©s de su publicaci√≥n original, se ha reeditado el libro de fotos del catal√°n Salvador Costa, obra que retrat√≥ el movimiento punk desde su nacimiento",Rafa Cervera,31 de enero de 2026,22:20 h,https://www.eldiario.es/cultura/musica/libro-fotografio-punk-paso-decadas-descatalogado-vuelve-convertido-biblia-genero_1_12949259.html
Un √°ngel con la cara de Meloni: pol√©mica en Italia por la restauraci√≥n del fresco de una iglesia de Roma,"Una de las pinturas de la Bas√≠lica de San Lorenzo in Lucina ha amanecido este fin de semana con un nuevo rostro: el de la primera ministra italiana. El encargado de la obra, Bruno Valentinetti, asegura que √©l ‚Äúretrata a quien quiere‚Äù",El Rastreador,1 de febrero de 2026,09:56 h,https://www.eldiario.es/rastreador/sacristan-italiano-restaura-figura-angel-cara-meloni_132_12953351.html
"Las 13 mejores series de febrero: calendario de estrenos, con 'M√°s que rivales' y 'Salvador' al frente de 50 t√≠tulos","Repasamos las 50 series que febrero trae a nuestras pantallas en plataformas como Movistar Plus+, Netflix, HBO Max, Disney+, Prime Video o Atresplayer, entre otras. Destacan estrenos como 'M√°s que rivales', 'Salvador', 'Portobello', 'Love Story: John F. Kennedy Jr. & Carolyn Bessette', '56 Days' o 'Rafaela y su loco mundo'",Sergio Soriano,,,https://www.eldiario.es/vertele/series/mejores-series-febrero-calendario-estrenos-mas-que-rivales-heated-rivalry-salvador-frente-50-titulos-netflix-movistar-hbo-prime-video_1_12937856.html
Alimentando el odio,,,31 de enero de 2026,22:20 h,https://www.eldiario.es/opinion/alimentando-odio_131_12953084.html
"Una promotora amenaza con echar de su casa a MariÃÅa, Antonio y decenas de personas en Mallorca: ‚ÄúSomos honrados‚Äù","Unos 200 residentes ‚Äì40 menores‚Äì est√°n empadronados en son Bordoy, unos solares a las afueras de una de las ciudades m√°s caras de Espa√±a: Palma. El Ayuntamiento del PP y una promotora los quieren expulsar para construir un complejo de 750 viviendas: s√≥lo el 20% de alquiler social",Pablo Sierra del Sol,30 de enero de 2026,22:30 h,https://www.eldiario.es/illes-balears/sociedad/promotora-amenaza-echar-casa-mari-antonio-decenas-personas-mallorca-honrados_1_12951059.html
De la licencia de octubre de 2022 a la demolici√≥n total de agosto de 2024: hitos del caso del palacete Irurak Bat de Getxo,La Ertzaintza sostiene que los ediles que hab√≠an comprado un piso de lujo en esa parcela sab√≠an que se iba a tirar entero el edificio protegido,Iker Rioja Andueza,31 de enero de 2026,21:45 h,https://www.eldiario.es/euskadi/licencia-octubre-2022-demolicion-total-agosto-2024-hitos-caso-palacete-irurak-bat-getxo_1_12951092.html
‚ÄòEso no puede pasar aqu√≠‚Äô y otras novelas dist√≥picas que alertan sobre la deriva autoritaria de Trump,Novelas cl√°sicas del siglo XX sobre el totalitarismo como la de Sinclair Lewis ofrecen un retrato cada vez menos alejado de la realidad en Estados Unidos y tambi√©n algo de esperanza,,31 de enero de 2026,22:20 h,https://www.eldiario.es/cultura/no-pasar-novelas-distopicas-alertan-deriva-autoritaria-trump_1_12940916.html
El posible indulto a Garc√≠a Ortiz no le permitir√° recuperar todo el dinero que ya ha pagado a la pareja de Ayuso,"El ex fiscal general, que no volver√° a la c√∫pula del Ministerio P√∫blico, acudir√° al Tribunal Constitucional aunque se le conceda la medida de gracia",Elena Herrera,31 de enero de 2026,22:20 h,https://www.eldiario.es/politica/posible-indulto-garcia-ortiz-no-le-permitira-recuperar-dinero-pagado-pareja-ayuso_1_12950527.html
"Un juez federal ordena liberar a Liam Conejo Ramos, el ni√±o de 5 a√±os detenido por ICE, y a su padre","El martes, el juez federal hab√≠a bloqueado cautelarmente la deportaci√≥n de Liam Conejo Ramos, de 5 a√±os, y de su padre, o trasladarlos fuera del Estado de Texas, donde se encuentran actualmente detenidos tras ser capturados en Minneapolis hace una semana y media",elDiario.es,31 de enero de 2026,21:48 h,https://www.eldiario.es/desalambre/juez-federal-ordena-liberar-liam-conejo-ramos-nino-5-anos-detenido-ice-padre_1_12953076.html
Asesinan a una mujer de 52 a√±os en Mos (Pontevedra) y la Guardia Civil busca a su pareja como presunto autor,La investigaci√≥n se centra en la b√∫squeda de la pareja de la v√≠ctima que se encuentra en paradero desconocido por el momento,elDiario.es Galicia,1 de febrero de 2026,15:44 h,https://www.eldiario.es/galicia/asesinan-mujer-42-anos-mos-pontevedra-guardia-civil-busca-pareja-presunto-autor_1_12954129.html
La lluvia no aplaca la solidaridad de Madrid con Palestina: ‚ÄúEl plan de paz es neocolonial y consolida la ocupaci√≥n‚Äù,Una nueva manifestaci√≥n por el centro de la capital ha denunciado que el supuesto plan de paz para Gaza solo deja una opci√≥n para el pueblo palestino: el sometimiento,Guillermo Mart√≠nez,1 de febrero de 2026,14:38 h,https://www.eldiario.es/madrid/lluvia-no-aplaca-solidaridad-madrid-palestina-plan-paz-neocolonial-consolida-ocupacion_1_12954008.html
Cinco a√±os de lucha por la regularizaci√≥n: la intrahistoria del movimiento liderado por migrantes que lo consigui√≥,"El colectivo que impuls√≥ la ILP est√° formado exclusivamente por personas migrantes. Los activistas que conforman la primera l√≠nea conocen bien lo que ped√≠an: vivieron a√±os sin papeles y trabajaron como empleadas dom√©sticas, manteros, jornaleros, cocineras o camareras.",Gabriela S√°nchez,31 de enero de 2026,22:20 h,https://www.eldiario.es/desalambre/cinco-anos-lucha-regularizacion-intrahistoria-movimiento-liderado-migrantes-consiguio_1_12952539.html
Maz√≥n subi√≥ hasta los 66.000 euros el l√≠mite de renta para acceder a las VPO de Alicante que ganaron cargos del PP,"El decreto sobre vivienda de protecci√≥n p√∫blica del 10 de diciembre de 2024 aprobado por el Consell elev√≥ de 46.800 a 54.600 el l√≠mite de renta para la persona, unidad familiar o de convivencia para acceder a estos inmuebles, pudiendo llegar a los 66.300 si se cumpl√≠an algunos requisitos; el decreto elevaba tambi√©n en 200 euros, hasta los 2.400 euros, el precio del metro cuadrado",Carlos Navarro Castell√≥,31 de enero de 2026,22:20 h,https://www.eldiario.es/comunitat-valenciana/mazon-subio-66-000-euros-limite-acceder-vpo-alicante-ganaron-cargos-pp_1_12952869.html
Lo que la tecnolog√≠a le roba a nuestras vidas y c√≥mo podemos recuperarlo,"Decisiones externalizadas, chatbots en lugar de amigos, el mundo natural como algo secundario: Silicon Valley nos est√° proporcionando una vida sin conexi√≥n. Hay una salida, pero requerir√° un esfuerzo colectivo",Rebecca Solnit,31 de enero de 2026,22:20 h,https://www.eldiario.es/era/tecnologia-le-roba-vidas-recuperarlo_1_12951824.html
"Paco Le√≥n: ‚ÄúAhora todos tenemos miedo a hablar y liarla, pero eso no nos puede frenar‚Äù","El actor y director estrena 'A√≠da y vuelta', una revisi√≥n metacinematogr√°fica que sirve como reuni√≥n de los actores de la m√≠tica serie y como reflexi√≥n sobre el humor y lo incorrecto",Javier Zurro,31 de enero de 2026,22:20 h,https://www.eldiario.es/cultura/cine/paco-leon-ahora-miedo-hablar-liarla-no-frenar_1_12949008.html
Muere el actor Fernando Esteso a los 80 a√±os,"Esteso, nacido en Zaragoza en febrero de 1945 en el seno de una familia de artistas, ha fallecido esta madrugada en el Hospital La Fe de Val√®ncia",elDiario.es,1 de febrero de 2026,12:53 h,https://www.eldiario.es/cultura/muere-actor-fernando-esteso-81-anos_1_12953688.html
"Miguel √Ångel Rodr√≠guez, el se√±or Lobo de Ayuso impune ante la Justicia y el parlamento",Cambi√≥ la imagen y las pol√≠ticas de la presidenta madrile√±a hasta erigirla en la n√©mesis de S√°nchez. El solucionador de problemas urdi√≥ la guerra sucia contra Casado y el fiscal general con la complicidad de medios a los que riega con millones en publicidad institucional,Jos√© Precedo,31 de enero de 2026,22:20 h,https://www.eldiario.es/madrid/miguel-angel-rodriguez-senor-lobo-ayuso-impune-justicia-parlamento_1_12930277.html
S√°nchez multiplica los gestos para rearmar la mayor√≠a de la investidura con vistas a los Presupuestos,"Junts mantiene el pulso y el caos en Rodalies da un nuevo argumento a los de Puigdemont contra el Gobierno, aunque el traspaso de las competencias en materia de migraci√≥n est√° cada vez m√°s cerca gracias a una negociaci√≥n a tres que incluye a Podemos. En Moncloa son conscientes de la dificultad para sacar los Presupuestos, pero creen que es la mejor opci√≥n tambi√©n para los socios",Irene Castro,31 de enero de 2026,22:20 h,https://www.eldiario.es/politica/sanchez-multiplica-gestos-rearmar-mayoria-investidura-vistas-presupuestos_1_12949910.html
"Ignacio Barr√≥n, el jefe de la investigaci√≥n del accidente de Adamuz que molest√≥ a Puente por abrir un ‚Äúdebate‚Äù en el peor momento","El ministro de Transportes dej√≥ entrever el malestar con el presidente de la CIAF, que, sin haber concluido la investigaci√≥n, cuestion√≥ en una entrevista que la renovaci√≥n de la l√≠nea Madrid-Sevilla fuera completa, generando dudas sobre el cumplimiento de los protocolos por parte de Adif",Cristina G. Bolinches,31 de enero de 2026,22:20 h,https://www.eldiario.es/economia/ignacio-barron-jefe-investigacion-accidente-adamuz-molesto-puente-abrir-debate-peor-momento_1_12949215.html
La regularizaci√≥n de migrantes enfrenta a las derechas con la Iglesia: ‚ÄúEst√°n m√°s con el demonio que con los pobres‚Äù,"Vox, Falange y los sectores m√°s ultras del catolicismo patrio tildan de ‚Äútraici√≥n‚Äù el apoyo de los obispos a la regularizaci√≥n de migrantes aprobada por el Gobierno, mientras que el PP se desmarca de una iniciativa que apoy√≥ en su d√≠a",Jes√∫s Bastante,31 de enero de 2026,22:20 h,https://www.eldiario.es/sociedad/regularizacion-migrantes-enfrenta-derechas-iglesia-demonio-pobres_1_12949796.html
Insultan a Pedro S√°nchez durante un mitin en Teruel y el presidente responde: ‚ÄúNo tienen argumentos‚Äù,Dos personas han gritado ‚Äúhijo de puta‚Äù al presidente del Gobierno cuando iba a intervenir y han sido expulsadas entre gritos de apoyo del p√∫blico al dirigente socialista,ElDiarioArag√≥n,1 de febrero de 2026,14:07 h,https://www.eldiario.es/aragon/insultan-pedro-sanchez-durante-mitin-teruel-presidente-responde-aplausos_1_12953974.html
La mujer que ha insultado a Pedro S√°nchez en el mitin de Teruel y ha sido expulsada es una concejala del PP valenciano,"La edil popular del Ayuntamiento de Vallanca (Valencia), Bel√©n Navarro, ha gritado ‚Äú¬°hijo de puta!‚Äù al presidente de Gobierno justo antes de que S√°nchez tomara la palabra en el mitin que el PSOE ha celebrado en Teruel, a 50 kil√≥metros de la localidad valenciana",Carlos Navarro Castell√≥,1 de febrero de 2026,18:18 h,https://www.eldiario.es/comunitat-valenciana/mujer-insultado-pedro-sanchez-mitin-teruel-sido-expulsada-concejala-pp-valenciano_1_12954286.html
H√©ctor de Miguel y Elena Rein√©s: la violencia expl√≠cita ultraderechista que silencia a comunicadores de izquierda,"Ambos anuncian una retirada temporal tras recibir amenazas mientras arrecia el acoso personal de los agitadores ultras en entornos laborales e incluso en domicilios. Wyoming: ‚ÄúClaro que entiendo a H√©ctor, no puedes vivir en la amenaza constante como si estuvi√©ramos en estado de guerra. El acoso que ha sufrido es dif√≠cil de soportar‚Äù",Jos√© Enrique Monrosi,31 de enero de 2026,22:20 h,https://www.eldiario.es/politica/hector-miguel-elena-reines-violencia-explicita-ultraderechista-silencia-comunicadores-izquierda_1_12949068.html
La nueva estrategia geopol√≠tica de Trump empuja a la UE a hacer realidad el Ej√©rcito europeo,"Tras a√±os de supeditar la seguridad a EEUU en la OTAN, Europa busca c√≥mo fortalecer su autonom√≠a estrat√©gica de defensa ante los desplantes de Trump. Aunque es viable la creaci√≥n de un Ej√©rcito europeo, la capacidad de disuasi√≥n de la UE es limitada frente a una Rusia con su arsenal nuclear",Rodrigo Ponce de Le√≥n,31 de enero de 2026,22:20 h,https://www.eldiario.es/internacional/nueva-estrategia-geopolitica-trump-empuja-ue-realidad-ejercito-europeo_1_12950685.html
Trump anuncia que los agentes federales no intervendr√°n en protestas de ciudades dem√≥cratas contra el ICE salvo que lo pidan,"Trump ha afirmado: ‚ÄúBajo ninguna circunstancia vamos a participar en las diversas ciudades mal administradas por los dem√≥cratas con respecto a sus protestas y/o disturbios, a menos que nos pidan ayuda‚Äù",Andr√©s Gil,1 de febrero de 2026,02:15 h,https://www.eldiario.es/internacional/trump-anuncia-agentes-federales-no-intervendran-protestas-ciudades-democratas-ice-salvo-pidan_1_12953273.html
El director del documental sobre Melania aparece en varias fotograf√≠as de los archivos de Epstein,"En el pasado Ratner se ha enfrentado a acusaciones de comportamientos inapropiados con al menos seis actrices, que lo denunciaron en 2017, en el apogeo del movimiento 'Me Too'. Una de ellas afirm√≥ que Ratner se hab√≠a masturbado delante de ella durante un rodaje. √âl siempre lo ha negado todo",elDiario.es,1 de febrero de 2026,16:35 h,https://www.eldiario.es/internacional/director-documental-melania-aparece-fotografias-archivos-esptein_1_12954163.html
"Los nuevos archivos de Epstein evidencian la red de relaciones del depredador sexual con poderosos, ricos y famosos","Los archivos incluyen fotos comprometedoras de Andrew Mountbatten-Windsor, as√≠ como correos electr√≥nicos de Epstein con el exasesor de Trump Steve Bannon, y comunicaciones con Elon Musk, el copropietario de los New York Giants, Steve Tisch, y otros contactos destacados en c√≠rculos pol√≠ticos, empresariales y filantr√≥picos",Andr√©s Gil,1 de febrero de 2026,01:40 h,https://www.eldiario.es/internacional/nuevos-archivos-epstein-evidencian-red-relaciones-depredador-sexual-poderosos-ricos-famosos_1_12953267.html
Tumbar al Gobierno cubano: el nuevo objetivo de Trump despu√©s de haber secuestrado a Maduro,"El presidente de EEUU ha redoblado el bloqueo a Cuba cortando el suministro de petr√≥leo venezolano y amenazando con aranceles a los pa√≠ses que proporcionen crudo a la isla, en una clara se√±al a M√©xico.",Andr√©s Gil,31 de enero de 2026,22:17 h,https://www.eldiario.es/internacional/tumbar-gobierno-cubano-nuevo-objetivo-trump-despues-haber-derrocado-maduro_1_12953089.html
,,,,,https://www.eldiario.es/juegos/game/sudoku-challenge/
,,,,,https://www.eldiario.es/juegos/games/sieteletras/
,,,,,https://www.eldiario.es/juegos/game/crossword/
