title,description,autor,date,source
El Peugeot 208 da la campanada y arrebata el liderato en España al Dacia Sandero en el inicio de año,El modelo de la marca de origen rumano cae hasta el sexto puesto de las matriculaciones en enero y Seat coloca a sus renovados Ibiza y Arona en el podio. Toyota sigue imbatible como la marca más vendida,Manu Granda,2026-02-02T16:17:32+01:00,https://cincodias.elpais.com/companias/2026-02-02/el-peugeot-208-da-la-campanada-y-arrebata-el-liderato-en-espana-al-dacia-sandero-en-el-inicio-de-ano.html
,,,,https://escuela.elpais.com/talleres/periodismo-investigacion/
,,,,https://motor.elpais.com/conducir/cuando-se-puede-usar-el-arcen-con-un-coche-sin-que-te-multen-esta-es-la-norma-que-la-mayoria-de-conductores-ignoran/?utm_source=elpais.com&utm_medium=Home_ElPais
Qué regalar en San Valentín: 20 ideas según tu presupuesto,Opciones para todos los bolsillos: desde detalles personalizados que emocionan hasta ‘gadgets’ tecnológicos que siempre triunfan,Claudia Farnos Llera,2026-02-02T06:30:00+01:00,https://elpais.com/escaparate/estilo-de-vida/2026-02-02/regalos-san-valentin-segun-presupuesto.html
Las ventas de coches electrificados se disparan un 48% pese a la incertidumbre por las ayudas,"El mercado general cerró con una subida del 1,1%, una cifra que sorprende en el sector porque se compara con el mismo mes de 2025, cuando el efecto dana elevó el total",Manu Granda,2026-02-02T14:07:05+01:00,https://cincodias.elpais.com/companias/2026-02-02/las-ventas-de-coches-electricos-se-disparan-un-48-pese-a-la-incertidumbre-por-las-ayudas.html
,,,,https://motor.elpais.com/actualidad/carlos-alcaraz-y-su-explosiva-relacion-con-bmw-y-los-coches/?utm_source=elpais.com&utm_medium=Home_ElPais
El reloj inteligente más vendido de Amazon combina diseño y tecnología por menos de 30 euros,"Con una autonomía de hasta 18 días, permite contestar llamadas a través de Bluetooth, registra la actividad física y realiza un seguimiento avanzado de la salud",Ariadna Hinchado,2026-02-02T06:15:00+01:00,https://elpais.com/escaparate/lo-mas-vendido/2026-02-02/smartwatch-xiaomi-redmi-watch-5-amazon-mas-vendido.html
"La nominación a la Fed pincha la fiebre del oro, que cae hasta un 20% en dos jornadas",Las materias primas extienden el desplome iniciado el viernes; el oro se deja este lunes un 5% y toca los 4.400 dólares,M. C.,2026-02-02T08:11:49+01:00,https://cincodias.elpais.com/mercados-financieros/2026-02-02/el-oro-y-la-plata-se-desfondan-y-se-alejan-de-los-maximos-historicos.html
El secreto de quienes nunca pasan frío en los pies en casa es este dispositivo: de bajo consumo y por menos de 30 euros,"Este calientapiés eléctrico lo tiene todo: tres niveles de temperatura, un sistema de apagado automático y  un forro transpirable para una mejor experiencia",Luis Campo Yanguas,2026-02-02T12:12:00+01:00,https://elpais.com/escaparate/estilo-de-vida/2026-02-02/calientapies-electrico.html
Las zapatillas urbanas más cómodas para ir con vaqueros: así son las Skechers con efecto calcetín rebajadas al 43%,"Este calzado, transpirable y liviano, se adapta a la perfección al pie, posee una plantilla acolchada de gama elevada y está causando furor en ventas en Amazon",Daniel Muela,2026-02-02T14:32:00+01:00,https://elpais.com/escaparate/ofertas-y-descuentos/2026-02-02/zapatillas-skechers-mujer-ofertas.html
EL PAÍS cierra un año récord con el mayor crecimiento de lectores entre los grandes periódicos y más de 450.000 suscriptores,"Se coloca en los puestos de cabeza de la audiencia digital, según GfK, que confirma además el liderazgo de Prisa en el ‘ranking’ web de grupos de comunicación",El País,2026-01-21T05:30:01+01:00,https://elpais.com/comunicacion/2026-01-21/el-pais-cierra-un-ano-record-con-el-mayor-crecimiento-de-lectores-entre-los-grandes-periodicos-y-mas-de-450000-suscriptores.html
Una compota de manzana para usar en platos dulces y salados,"No importa si usas rojas o verdes: la receta te quedará tierna, dulce y suave sin ningún tipo de esfuerzo. Puedes servirla como postre o como guarnición",Julia Laich,2026-01-31T05:00:00+01:00,https://elpais.com/gastronomia/el-comidista/2026-01-31/una-compota-de-manzana-para-usar-en-platos-dulces-y-salados.html
Menú semanal de El Comidista (2 a 8 de febrero),"Calamar a la plancha con sobrasada, crema de espinacas, calabaza rellena y panqueques con dulce de leche: nuestro menú semanal hará que te olvides del frío",El Comidista,2026-02-01T05:00:00+01:00,https://elpais.com/gastronomia/el-comidista/2026-02-01/menu-semanal-de-el-comidista-2-a-8-de-febrero.html
10 llibres recomanats pels crítics de Quadern el gener de 2026,"Novel·les de Ferran Sáez, Pep Prieto o Flavia Company, assaigs de Joan Fontcuberta o Nora Ephron i noves traduccions de clàssics de Rousseau o Zola",El País,2026-01-30T05:30:01+01:00,https://elpais.com/quadern/literatura/2026-01-30/10-llibres-recomanats-pels-critics-de-quadern-el-gener-de-2026.html
Lectures de tren per a dies de caos,"El ferrocarril és fonamental en la construcció d’Europa i també un espai literàriament productiu que van celebrar escriptors com Josep Pla, J.V. Foix o W.G. Sebald",,2026-02-01T08:20:20+01:00,https://elpais.com/quadern/literatura/2026-02-01/lectures-de-tren-per-dies-de-caos.html
‘Majareta’: chismes y declaraciones sobre un conserje secuestrador,Juan Manuel Gil perfecciona su fórmula metaliteraria en una novela polifónica en torno a un personaje supuestamente excéntrico y su implicación en un suceso que consternó al país,Domingo Rodenas de Moya,2026-01-29T05:30:01+01:00,https://elpais.com/babelia/2026-01-29/majareta-chismes-y-declaraciones-sobre-un-conserje-secuestrador.html
Ha llegado el día: la IA puede crear mundos interactivos y toda la industria digital está temblando,La aparición de Genie 3 y sus supuestas recreaciones del ‘GTA VI’ inundan internet y propician descalabros bursátiles de las compañías de juegos,Jorge Morla,2026-02-02T05:30:01+01:00,https://elpais.com/babelia/2026-02-02/ha-llegado-el-dia-la-ia-puede-crear-mundos-interactivos-y-toda-la-industria-digital-esta-temblando.html
"¿Hay casas por menos de 20.000 euros? Sí, las modulares, pero necesitas un terreno y algo de burocracia","El interés por las viviendas prefabricadas crece debido a su precio, pero hay que tener en cuenta los requisitos legales como la cimentación, las licencias y el uso del suelo",Sandra López Letón,2026-01-31T05:30:00+01:00,https://elpais.com/economia/negocios/2026-01-31/hay-casas-por-menos-de-20000-euros-si-las-modulares.html
"Deuda pública: una bomba de relojería, ¿a punto de estallar?","Los países han disparado el dinero que deben a los mercados, poniendo en riesgo sus propias políticas de gasto en un mundo cada vez más inestable",María Fernández,2026-01-31T17:30:00+01:00,https://elpais.com/economia/negocios/2026-01-31/deuda-publica-una-bomba-de-relojeria-a-punto-de-estallar.html
Trump quiere que veas perritos parlanchines generados por IA,"Detrás de los vídeos creados con inteligencia artificial no hay ningún pacto social y cultural entre artistas y público. Por eso no podemos interpretar ni juzgar las creaciones de la IA, solo soportarlas",Nuria Labari,2026-01-31T05:30:00+01:00,https://elpais.com/ideas/2026-01-31/trump-quiere-que-veas-perritos-parlanchines-generados-por-ia.html
"Mamá, papá, tenemos que hablar de porno","Los niños ven pornografía cada vez más temprano. Entre el 8% y el 20% de los menores accede a estos contenidos antes de los 10 años. ¿Qué consecuencias sociales tiene este fenómeno? Los vídeos X, cada vez más violentos y machistas, condicionan nuestra visión de la sexualidad",Daniel Soufi,2026-02-01T05:30:00+01:00,https://elpais.com/ideas/2026-02-01/mama-papa-tenemos-que-hablar-de-porno.html
"Una ruta por Tlatelolco, la memoria ancestral y revolucionaria en el centro de Ciudad de México","La plaza de las Tres Culturas guarda el recuerdo a las víctimas del movimiento estudiantil de 1968, ruinas indígenas o una escondida sala de arte público con un mural de Siqueiros",Camilo Sánchez,2026-01-31T05:30:00+01:00,https://elpais.com/elviajero/2026-01-31/una-ruta-por-tlatelolco-la-memoria-ancestral-y-revolucionaria-en-el-centro-de-ciudad-de-mexico.html
"Róterdam, ciudad de vértigo: del primer rascacielos de Europa a las Casas Cubo y un ‘skyline’ que busca el cielo","La urbe holandesa es un recital arquitectónico de diferentes estilos y épocas. Su horizonte de edificios es un símbolo fotografiado infinidad de veces, aunque hay otras edificaciones que contribuyen a su buena fama urbanística",Marta Villena,2026-02-01T05:30:00+01:00,https://elpais.com/elviajero/escapadas/europa/2026-02-01/roterdam-ciudad-de-vertigo-del-primer-rascacielos-de-europa-a-las-casas-cubo-y-un-skyline-que-busca-el-cielo.html
‘Más que rivales’ o el fenómeno que cambia las reglas: ¿por qué tantas mujeres disfrutan con los romances gais?,"El éxito, en papel y pantalla, de la ficción sobre dos jugadores de hockey que son amantes secretos crea un nuevo paradigma que se extiende hasta el porno: muchas mujeres se sienten más cómodas ante la intimidad de dos hombres",,2026-01-31T05:30:01+01:00,https://elpais.com/icon/2026-01-31/mas-que-rivales-o-el-fenomeno-que-cambia-las-reglas-por-que-tantas-mujeres-disfrutan-con-los-romances-gais.html
Bad Bunny con corsé: así es el provocativo esmoquin con el que sorprendió el gran triunfador de los Grammy,"El gran triunfador de la noche lució un esmoquin de alta costura de Schiaparelli que habla de identidad y género, el primero que la marca fabrica para un hombre",Carlos Primo,2026-02-02T11:59:49+01:00,https://elpais.com/icon/2026-02-02/entre-el-esmoquin-y-el-corse-los-secretos-del-traje-de-bad-bunny-que-desafio-a-la-virilidad-en-los-grammy.html
"Siete maneras de llevar el vaquero gris, la prenda viral de este invierno","La primera gran inversión de este 2026 pretende desbancar al color denim por excelencia con sugerentes combinaciones junto a prendas de abrigo, básicos y accesorios de tendencia",Victoria Zárate,2026-01-31T05:30:01+01:00,https://elpais.com/smoda/moda/2026-01-31/siete-maneras-de-llevar-el-vaquero-gris-la-prenda-viral-de-este-invierno.html
Marita Alonso: “Las mujeres estamos menos dispuestas a salir con alguien que no comparte nuestra ideología”,La periodista disecciona el funcionamiento de las aplicaciones de citas en el ensayo ‘La Venus del smartphone’,Beatriz García,2026-02-01T05:30:00+01:00,https://elpais.com/smoda/feminismo/2026-01-31/marita-alonso-las-mujeres-estamos-menos-dispuestas-a-salir-con-alguien-que-no-comparte-nuestra-ideologia.html
"David Uclés: “La Guerra Civil sí la sufrimos todos, pero no la perdimos todos”","El escritor andaluz, autor de ‘La península de las casas vacías’, acaba de ser galardonado con el Premio Nadal por su nuevo libro, ‘La ciudad de las luces muertas’, escrito al mismo tiempo que el libro que le llevó al éxito",Jesús Ruiz Mantilla,2026-01-29T05:30:01+01:00,https://elpais.com/eps/2026-01-29/david-ucles-la-guerra-civil-si-la-sufrimos-todos-pero-no-la-perdimos-todos.html
"Pat McGrath, la gran dama del maquillaje mundial: “Con una pincelada de repente eres quien quieres ser”","En desfiles o campañas, lleva más de 30 años ideando las narrativas visuales que guían al sector. Ahora acaba de dar forma a la división cosmética de Louis Vuitton.",Patricia Rodríguez,2026-01-31T05:40:00+01:00,https://elpais.com/eps/2026-01-31/pat-mcgrath-la-gran-dama-del-maquillaje-mundial-con-una-pincelada-de-repente-eres-quien-quieres-ser.html
Cinco años de resistencia en Myanmar: recorrido visual por una guerra de trincheras y de campos de entrenamiento ocultos en la selva,,,2026-02-01T05:30:00+01:00,https://elpais.com/planeta-futuro/2026-02-01/cinco-anos-de-resistencia-en-myanmar-recorrido-visual-por-una-guerra-de-trincheras-y-de-campos-de-entrenamiento-ocultos-en-la-selva.html
Cuando la política debilita la salud colectiva,"El regreso a la Casa Blanca de Donald Trump en enero de 2025 ha creado un discurso de “nacionalismo sanitario” que ha generado desconfianza ante las instituciones, la ciencia y la prevención",,2026-02-02T05:30:00+01:00,https://elpais.com/planeta-futuro/2026-02-02/cuando-la-politica-debilita-la-salud-colectiva.html
¿Son útiles las ‘apps’ de inteligencia artificial sobre decoración? Tres expertos responden,"Las aplicaciones HomeByMe, Roomstyler y Planner 5D se usan cada vez más para planificar reformas o amueblar una vivienda. Para los profesionales del sector, son útiles como referencia pero también peligrosas, ya que sus resultados chocan con las limitaciones de la vida real",Ixone Arana,2026-01-31T05:30:00+01:00,https://elpais.com/estilo-de-vida/2026-01-31/son-utiles-las-apps-de-inteligencia-artificial-sobre-decoracion-tres-expertos-responden.html
"Courtney Love repasa su historia llena de drogas, éxito, amor y tragedia para soltar el pasado y preparar su regreso","La líder de Hole y exmujer de Kurt Cobain protagoniza ‘Antiheroine’, un documental que ahonda en lo más complicado de su vida, pero también supone su reconciliación con el mundo y con ella misma ahora que está sobria y prepara disco",Ixone Arana,2026-02-02T05:30:00+01:00,https://elpais.com/gente/2026-02-02/courtney-love-repasa-su-historia-llena-de-drogas-exito-amor-y-tragedia-para-soltar-el-pasado-y-preparar-su-regreso.html
"Cher recoge su Grammy honorífico vestida por el diseñador español Luis de Javier, próximo jurado de ‘Maestros de la costura’","La artista recibió el premio a toda su trayectoria en la música con un dos piezas del catalán, un nombre cada vez más presente en la moda internacional y sustituto de Palomo Spain en el ‘talent’ de costura de TVE",El País,2026-02-02T13:17:13+01:00,https://elpais.com/gente/2026-02-02/cher-recoge-su-grammy-honorifico-vestida-por-el-disenador-espanol-luis-de-javier-proximo-jurado-de-maestros-de-la-costura.html
"Audiencias de enero: Antena 3 sigue líder, La 1 se mantiene firme y Telecinco marca su peor arranque histórico",Cuatro ha conseguido revalidar por segundo mes consecutivo su victoria frente a La Sexta y La 2 logra su mejor enero desde 2010,Natalia Marcos,2026-02-01T12:34:22+01:00,https://elpais.com/television/2026-02-01/audiencias-de-enero-antena-3-sigue-lider-la-1-se-mantiene-firme-y-telecinco-marca-su-peor-arranque-historico.html
"‘Más que rivales’ en Movistar Plus+, ‘Paradise’ en Disney+ y otras series recomendadas para febrero",Una selección de producciones de ficción destacadas este mes en plataformas,Natalia Marcos,2026-02-01T05:30:01+01:00,https://elpais.com/television/series/2026-02-01/mas-que-rivales-en-movistar-plus-paradise-en-disney-y-otras-series-recomendadas-para-febrero.html
La maldición de Telecittà,Esta familia (en el sentido más peliculero del término) se resquebrajaba. Todos los colaboradores desean volver a Mediaset. Es donde pagan bien,Jimina Sabadú,2026-02-02T05:30:01+01:00,https://elpais.com/television/2026-02-02/la-maldicion-de-telecitta.html
"Muere Fernando Esteso, popular cómico y actor del destape, a los 80 años","El intérprete trabajó en numerosas películas, series y programas de televisión, pero era conocido principalmente por su colaboración con Andrés Pajares",Gregorio Belinchón,2026-02-01T12:53:15+01:00,https://elpais.com/cultura/2026-02-01/muere-fernando-esteso-celebre-actor-del-destape-a-los-80-anos.html
Paseos por una guerra antigua,"En las caminetas de hoy por aquel conflicto bélico antiguo también siguen las trincheras, los hierros y los orificios de bala",Paco Cerdà,2026-02-02T05:30:01+01:00,https://elpais.com/cultura/2026-02-02/paseos-por-una-guerra-antigua.html
‘La omisión de la familia Coleman’ regresa a los escenarios españoles 25 años después de su estreno,Claudio Tolcachir recupera la obra que estrenó en su casa de Buenos Aires y que se ha convertido en un fenómeno teatral de largo recorrido,Rocío García,2026-02-02T05:30:01+01:00,https://elpais.com/cultura/2026-02-02/la-omision-de-la-familia-coleman-regresa-a-los-escenarios-espanoles-25-anos-despues-de-su-estreno.html
Mathieu van der Poel consigue su octavo mundial de ciclocross y supera los siete títulos del histórico Eric de Vlaeminck,El fenomenal neerlandés se convierte en el ciclista con más arcoíris sobre el barro con una faena de pura rutina,Carlos Arribas,2026-02-01T17:53:50+01:00,https://elpais.com/deportes/ciclismo/2026-02-01/mathieu-van-der-poel-consigue-su-octavo-mundial-de-ciclocross-y-supera-los-siete-titulos-del-historico-eric-de-vlaeminck.html
‘Super López’ o el asombroso caso del fondista español de 81 años que sedujo a los científicos tras correr la maratón en 3 horas y 39 minutos,"Juan López empezó a correr a los 66 años y, ya octogenario, sigue batiendo récords para asombro de los fisiólogos que tratan de determinar el secreto de su rendimiento y capacidad aeróbica, únicos en la historia",Óscar Gogorza,2026-02-01T05:30:01+01:00,https://elpais.com/deportes/2026-02-01/super-lopez-o-el-asombroso-caso-del-fondista-espanol-de-81-anos-que-sedujo-a-los-cientificos-tras-correr-la-maraton-en-3-horas-y-39-minutos.html
El Betis recupera la quinta plaza y acaba con la racha del Valencia,"Un gol de Fornals en el minuto 88 le da el triunfo al conjunto andaluz, que supo aprovechar su momento y fue sostenido por un gran Álvaro Valles",Rafael Pineda,2026-02-01T18:43:46+01:00,https://elpais.com/deportes/futbol/2026-02-01/el-betis-recupera-la-quinta-plaza-y-acaba-con-la-racha-del-valencia.html
El premio Fronteras reconoce a los artífices del sistema que protege la seguridad y la privacidad en internet,La Fundación BBVA otorga a los ingenieros belgas Joan Daemen y Vincent Rijmen su galardón anual en la categoría de tecnología de la información,Selva Vargas Reátegui,2026-01-29T12:57:08+01:00,https://elpais.com/tecnologia/2026-01-29/el-premio-fronteras-reconoce-a-los-artifices-del-sistema-que-protege-la-seguridad-y-la-privacidad-en-internet.html
Generar tanta adicción como para ir a juicio: las redes sociales pasan por el banquillo,"Una decena de vistas en Los Ángeles intentan averiguar si las redes sociales buscan convertirse en adictivas para los jóvenes, y si eso es delito",María Porcel,2026-01-29T05:30:01+01:00,https://elpais.com/tecnologia/2026-01-29/generar-tanta-adiccion-como-para-ir-a-juicio-las-redes-sociales-pasan-por-el-banquillo.html
"Google, Amazon, OpenAI: así es la carrera por encontrar alternativas a Nvidia",Los esfuerzos de los grandes desarrolladores de IA por reducir su dependencia son cada vez mayores. Aunque el dominio del fabricante de chips no se ve amenazado,Pablo G. Bejerano,2026-01-30T05:30:01+01:00,https://elpais.com/tecnologia/2026-01-30/google-amazon-openai-asi-es-la-carrera-por-encontrar-alternativas-a-nvidia.html
¿Sirven realmente las tiras y expansores nasales para rendir más durante el ejercicio físico?,"Su función principal es tratar de ensanchar ligeramente el área de las fosas nasales, reduciendo la resistencia al paso del aire",Miguel Ángel Gómez Ruano,2026-01-31T05:30:01+01:00,https://elpais.com/salud-y-bienestar/2026-01-31/sirven-realmente-las-tiras-y-expansores-nasales-para-rendir-mas-durante-el-ejercicio-fisico.html
Jeff Bezos cancela sus vuelos de turismo espacial para centrarse en llevar personas a la Luna,"Blue Origin, la empresa espacial del magnate tecnológico, planea aterrizar una sonda en la superficie lunar por primera vez en 2026",Francisco Doménech,2026-01-31T15:08:28+01:00,https://elpais.com/ciencia/2026-01-31/jeff-bezos-cancela-sus-vuelos-de-turismo-espacial-para-centrarse-en-llevar-personas-a-la-luna.html
Cuando tu cuerpo se convierte en una cervecería: un estudio desvela los misterios del síndrome de autofermentación,"Una investigación identifica las bacterias responsables de un raro trastorno que provoca intoxicación sin beber alcohol, y plantea una solución: el trasplante de heces",Patricia Fernández de Lis,2026-02-01T05:30:01+01:00,https://elpais.com/ciencia/2026-02-01/cuando-tu-cuerpo-se-convierte-en-una-cerveceria-un-estudio-desvela-los-misterios-del-sindrome-de-autofermentacion.html
Bruselas abre expediente a España por no enviarle el informe sobre el estado del lobo y otras especies protegidas,"El Gobierno, que debería haber enviado esta evaluación el verano de 2025, asegura que el documento “no ofrece todavía una base científica solvente”",Esther Sánchez,2026-01-30T14:21:41+01:00,https://elpais.com/clima-y-medio-ambiente/2026-01-30/bruselas-abre-expediente-a-espana-por-no-enviar-el-informe-sobre-el-estado-del-lobo-y-otras-especies-protegidas.html
Deconstrucción de la costa: así se está quitando ya hormigón para dar más espacio a las playas frente a los temporales,"Municipios como Calafell, Vilaseca o Vigo han comenzado a desplazar sus paseos marítimos como defensa ante la erosión y los embates del mar",Clemente Álvarez,2026-02-01T05:30:01+01:00,https://elpais.com/clima-y-medio-ambiente/2026-02-01/deconstruccion-de-la-costa-asi-se-esta-quitando-ya-hormigon-para-dar-mas-espacio-a-las-playas-frente-a-los-temporales.html
"Galicia, en aviso naranja por fuerte temporal de mar y viento","Una borrasca atlántica deja lluvias intensas, tormentas y nieve en amplias zonas del país, con otras 11 comunidades y Ceuta y Melilla en alerta amarilla",Carolina de Lima,2026-02-02T09:37:39+01:00,https://elpais.com/el-tiempo/2026-02-02/galicia-en-aviso-naranja-por-fuerte-temporal-de-mar-y-viento.html
"Los coordinadores escolares ‘antibullying’, sin tiempo ni recursos: “Lo hacemos en ratos libres”","Docentes y organizaciones denuncian la falta de apoyo institucional del puesto, creado hace tres años para prevenir la violencia en las aulas",Carolina de Lima,2026-01-30T10:15:46+01:00,https://elpais.com/educacion/2026-01-30/los-coordinadores-escolares-antibullying-sin-tiempo-ni-recursos-lo-hacemos-en-ratos-libres.html
Cómo evitar que el uso de las redes sociales influya en la relación de los adolescentes con su cuerpo,"La sobreexposición de los jóvenes a las redes aumenta su insatisfacción corporal, la sintomatología ansioso-depresiva y disminuye la autoestima, dejándola en manos de un algoritmo",Mayte Ametlla,2026-01-31T05:30:00+01:00,https://elpais.com/mamas-papas/expertos/2026-01-31/como-evitar-que-el-uso-de-las-redes-sociales-influya-en-la-relacion-de-los-adolescentes-con-su-cuerpo.html
"La estudiante en La Rioja que ha vuelto a clase con el velo islámico: “Me siento muy feliz, forma parte de mi identidad”","El instituto le prohibió el acceso con hiyab y la justicia falló a favor de la adolescente. La consejería de Educación, del PP, renuncia a recurrir",Víctor Espuelas,2026-01-31T05:30:01+01:00,https://elpais.com/educacion/2026-01-31/la-estudiante-en-la-rioja-que-ha-vuelto-a-clase-con-el-velo-islamico-me-siento-muy-feliz-forma-parte-de-mi-identidad.html
"La eutanasia de Noelia, todavía sin fecha: “Es un secuestro de su muerte digna”","Tres instancias judiciales avalan la prestación de ayuda a morir concedida a la joven, pero Abogados Cristianos ultima un recurso ante el Constitucional",Jessica Mouzo,2026-01-31T05:30:01+01:00,https://elpais.com/sociedad/2026-01-31/la-eutanasia-de-noelia-todavia-sin-fecha-es-un-secuestro-de-su-muerte-digna.html
Hallado muerto el hombre en busca y captura por el asesinato de su expareja en Mos (Pontevedra),"La hermana de la víctima vio huir en coche al presunto autor del crimen, con el que la fallecida había roto la relación hace algo más de un mes",Sonia Vizoso,2026-02-01T16:08:08+01:00,https://elpais.com/sociedad/2026-02-01/la-policia-busca-a-un-hombre-por-el-asesinato-de-su-mujer-en-mos-pontevedra.html
"España tarda casi un año en publicar las causas de muerte, un plazo que lastra la vigilancia sanitaria",Expertos en salud pública y forenses reclaman certificados electrónicos plenamente integrados para ganar rapidez en conocer las causas de muerte y poder reaccionar a tiempo ante epidemias,Pablo Linde,2026-02-02T05:30:01+01:00,https://elpais.com/sociedad/2026-02-02/espana-tarda-casi-un-ano-en-publicar-las-causas-de-muerte-un-plazo-que-lastra-la-vigilancia-sanitaria.html
El meteórico ascenso del precio del huevo no da tregua,El coste de este producto prácticamente se ha duplicado desde 2021 y los expertos coinciden en que es difícil que se abarate a corto plazo,Rodrigo Cardona,2026-02-01T05:30:01+01:00,https://elpais.com/economia/2026-02-01/el-meteorico-ascenso-del-precio-del-huevo-no-da-tregua.html
Giro sindical: salarios y vivienda,El malestar social persiste en un amplio segmento de la población mientras la Bolsa bate récords de ganancias,Andreu Missé,2026-02-02T05:30:00+01:00,https://elpais.com/economia/2026-02-02/giro-sindical-salarios-y-vivienda.html
La Fiscalía retira la acusación contra la empresa pública Mercasa por pago de mordidas en Angola,"El ministerio público comunica su decisión al tribunal en la primera sesión del juicio, que se inicia casi cuatro años después de que el juez sentara en el banquillo a los acusados",Nuria Morcillo,2026-02-02T14:42:15+01:00,https://elpais.com/economia/2026-02-02/la-fiscalia-retira-la-acusacion-contra-la-empresa-publica-mercasa-acusada-del-pago-de-mordidas-en-angola.html
Arancha González Laya: “A un matón no lo apaciguas ni con un Nobel de la Paz”,La exministra de Exteriores cree que hay una responsabilidad política compartida en la matanza de civiles en Gaza y advierte contra el discurso de la resignación frente a Trump,Natalia Junquera,2026-02-02T05:30:01+01:00,https://elpais.com/espana/2026-02-02/arancha-gonzalez-laya-a-un-maton-no-lo-apaciguas-ni-con-un-nobel-de-la-paz.html
La Guardia Civil detiene a un hombre por el asesinato de su madre en Tenerife,"Las pesquisas del cuerpo armado apuntan a que la mujer, de 82 años, murió por disparos hechos por su hijo, que ya está detenido",Guillermo Vega,2026-02-02T13:18:02+01:00,https://elpais.com/sociedad/2026-02-02/la-guardia-civil-detiene-a-un-hombre-por-el-asesinato-de-su-madre-en-tenerife.html
"Cortada una carretera nacional en Burgos por un desprendimiento durante el temporal, que deja varios ríos en alerta",Un enorme bloque de roca y tierra impide circular por la N-232 en el norte de la provincia burgalesa,Juan Navarro,2026-02-02T16:42:58+01:00,https://elpais.com/espana/2026-02-02/cortada-una-carretera-nacional-en-burgos-por-un-desprendimiento-durante-el-temporal-que-deja-varios-rios-en-alerta.html
La caída final del “príncipe de las tinieblas” británico: Peter Mandelson abandona el Partido Laborista por sus vínculos con Epstein,La complicidad del histórico político de la etapa de Tony Blair con el pedófilo estadounidense abochorna a sus compañeros,Rafa de Miguel,2026-02-02T12:20:42+01:00,https://elpais.com/internacional/2026-02-02/la-caida-final-del-principe-de-las-tinieblas-britanico-peter-mandelson-abandona-el-partido-laborista-por-sus-vinculos-con-epstein.html
China se asoma a un Año Nuevo lunar de récord: 9.500 millones de desplazamientos,"El Gobierno amplía a nueve días las vacaciones oficiales por la Fiesta de la Primavera, el mayor movimiento de población del planeta",Inma Bonet,2026-02-02T14:00:17+01:00,https://elpais.com/internacional/2026-02-02/china-se-asoma-a-un-ano-nuevo-lunar-de-record-9500-millones-de-desplazamientos.html
"TV Republika, la cadena ultraconservadora polaca que aspira a convertirse en la Fox News europea",El grupo mediático de Tomasz Sakiewicz planea lanzar un canal en inglés con inversores del entorno MAGA,Gloria Rodríguez-Pina,2026-02-02T05:40:00+01:00,https://elpais.com/internacional/2026-02-02/tv-republika-la-cadena-ultraconservadora-polaca-que-aspira-a-convertirse-en-la-fox-news-europea.html
Pruebo las mejores sillas ergonómicas y elijo la que tienes que comprar para decir adiós a los dolores de espalda,Analizo en profundidad seis sillas de escritorio que cuentan con características que garantizan la comodidad y la ergonomía durante su uso,Lucía García,2026-02-02T05:30:00+01:00,https://elpais.com/escaparate/comparativas/2026-02-02/mejores-sillas-ergonomicas.html
"Las imágenes del inicio del Carnaval de Venecia, con guiño a los Juegos Olímpicos de Invierno y a ‘Los Bridgerton’",,El País,2026-02-02T12:50:59+01:00,https://elpais.com/elviajero/2026-02-02/las-imagenes-del-inicio-del-carnaval-de-venecia-con-guino-a-los-juegos-olimpicos-de-invierno-y-a-los-bridgerton.html
"Nueva programación de La 2, que busca seguir creciendo con magacín diario y en directo y dos proyectos con Iñaki Gabilondo","El programa cultural y de bienestar ‘Sukha’ llega a las tardes de la cadena, que por fin estrena ‘Trivial Pursuit’. ‘Página Dos′ se encuentra en primicia en París  Gisèle Pelicot, quien publica sus memorias",Héctor Llanos Martínez,2026-02-02T15:33:20+01:00,https://elpais.com/television/2026-02-02/nueva-programacion-de-la-2-que-busca-seguir-creciendo-con-magacin-diario-y-en-directo-y-dos-proyectos-con-inaki-gabilondo.html
"Procrastinar, obsesionarse o morderse las uñas: actos autodestructivos que surgieron para sobrevivir en un mundo hostil","“El cerebro evolucionó para favorecer la supervivencia, no la paz interior”, explica el psicólogo clínico Charlie Heriot-Maitland",Enrique Alpañés,2026-02-02T05:30:01+01:00,https://elpais.com/salud-y-bienestar/2026-02-02/procrastinar-obsesionarse-o-morderse-las-unas-actos-autodestructivos-que-surgieron-para-sobrevivir-en-un-mundo-hostil.html
"“Una experiencia surrealista, íntima e inimitable”: 300 años después, nada puede sustituir a una montaña rusa","El mundo de las montañas rusas ya tiene sus propios ‘influencers’ y nuevas incorporaciones como la extrema ‘Falcon’s Flight’ demuestran que, tras siglos de existencia, ninguna tecnología puede imitar la sensación de caer al vacío",Guillermo Alonso,2026-02-02T05:30:00+01:00,https://elpais.com/icon/2026-02-02/una-experiencia-surrealista-intima-e-inimitable-300-anos-despues-nada-puede-sustituir-a-una-montana-rusa.html
"Cocina una vez, come tres: cremas caseras fáciles para cenar bien toda la semana","Una sección mensual para solucionar las comidas y cenas del día a día, con ideas para disfrutar de diferentes platos con una única preparación",Mònica Escudero,2026-02-02T05:00:00+01:00,https://elpais.com/gastronomia/el-comidista/2026-02-02/cocina-una-vez-come-tres-cremas-caseras-faciles-para-cenar-bien-toda-la-semana.html
"Cómo hacer unos huevos fritos con cocochas de bacalao y patatas, según Andoni Luis Aduriz","Recomendamos servir cada uno de los elementos por separado, en bandejas individuales, para que cada comensal pueda montar el plato a su gusto. Se pueden freír más patatas, huevos o añadir otros ingredientes disponibles en casa, adaptando la cantidad a a cada mesa",Andoni Luis Aduriz,2026-02-02T05:30:00+01:00,https://elpais.com/gastronomia/2026-02-02/como-hacer-unos-huevos-fritos-con-cocochas-de-bacalao-y-patatas-segun-andoni-luis-aduriz.html
La angula: controversia y amenazas,"Picaresca comercial, libertad de consumo mal entendida y cierto desdén de pescaderos, cocineros y ‘gourmets’ amenazan este tesoro marino",Andoni Luis Aduriz,2026-02-02T05:30:00+01:00,https://elpais.com/eps/2026-02-02/la-angula-controversia-y-amenazas.html
CRUCIGRAMAS MAMBRINO,"Resuelve online los últimos crucigramas que Mambrino publicó en el año 2015 en EL PAIS. Ahora están disponibles en esta web, así que regresa cada día para realizar uno nuevo y ponte a prueba.",,,https://elpais.com/juegos/crucigramas/mambrino/
SUDOKUS EXPERTO,"Juega online a nuestros sudokus para expertos y mejora día a día tu nivel. Completa cada cuadrado con un número, asegurándote de que ningún número se repita en cada columna o fila",,,https://elpais.com/juegos/sudokus/experto/
CRUCIGRAMAS EXPERTO,Juega ya a nuestro crucigrama diario online para expertos. Pon a prueba tu nivel cada día en jugando en EL PAÍS.,,,https://elpais.com/juegos/crucigramas/experto/
PALABRA SECRETA,"Juega online para descubrir la palabra secreta del día en el menor número de intentos posibles. Empieza con la palabra de cinco letras que prefieras. El color verde te indicará las letras que están en la posición correcta; el amarillo las que están en la palabra secreta, pero en otra posición",,,https://elpais.com/juegos/palabra-secreta/diaria/
Heptagrama,"Encuentra el máximo número de palabras de al menos tres letras. Puedes repetir las letras, pero siempre debes incluir la que está en la posición central. No se admiten nombres propios, plurales y formas verbales conjugadas (solo infinitivos). A medida que formes palabras irás subiendo de nivel y también cuando encuentres palabras que contengan todas las letras (SuperHepta).",,,https://elpais.com/juegos/heptagrama/
AUTODEFINIDO,Encuentra las palabras de nuestro autodefinido diario resolviendo las pistas propuestas. Regresa cada día para realizar uno nuevo y ponte a prueba,,,https://elpais.com/juegos/autodefinido/diario/
,,,,https://elpais.com/expres/
"Arbeloa y Mourinho, la rana y el  escorpión","Tras el ‘cuelga tú; no, tú’, llegó el día del partido y el portugués restregó su victoria ante el banquillo blanco",Natalia Junquera,2026-02-02T05:30:01+01:00,https://elpais.com/deportes/futbol/2026-02-02/mourinho-y-arbeloa-el-escorpion-y-la-rana.html
"LeBron James, nombrado All Star suplente entre rumores sobre su retirada","Los entrenadores de la NBA premian a la incombustible estrella de los Lakers, que a los 41 años todavía medita si continuar una temporada más en la élite del baloncesto",Guille Álvarez,2026-02-02T13:46:46+01:00,https://elpais.com/deportes/baloncesto/2026-02-02/lebron-james-nombrado-all-star-suplente-entre-rumores-sobre-su-retirada.html
"Alcaraz se lleva el mayor premio de la historia del Open de Australia: 2,44 millones de euros por ganar el torneo, un 18,5% más que el año anterior","El torneo oceánico en 2026 ha repartido una bolsa total de premios de 111,5 millones de dólares australianos respecto a los 96,5 millones de 2025",Mikel Muñoz,2026-02-02T12:35:59+01:00,https://elpais.com/deportes/tenis/2026-02-02/alcaraz-se-lleva-el-mayor-premio-de-la-historia-del-open-de-australia-244-millones-de-euros-por-ganar-el-torneo-un-185-mas-que-el-ano-anterior.html
El Atlético ficha al extremo nigeriano Lookman del Atalanta,"El club rojiblanco abona 35 millones de euros y completa su primer fichaje en el mercado de invierno tras las salidas de Gallagher, Raspadori, Galán y Carlos Martín",,2026-02-02T07:25:34+01:00,https://elpais.com/deportes/futbol/2026-02-02/el-atletico-ficha-al-extremo-nigeriano-lookman-del-atalanta.html
La NFL volverá al Bernabéu con un partido este año y otro en 2027,La Liga anuncia un acuerdo bianual con la Comunidad de Madrid y el Ayuntamiento tras la exitosa experiencia del primer partido oficial en España el pasado noviembre,Luis Javier González,2026-02-02T14:00:58+01:00,https://elpais.com/deportes/2026-02-02/la-nfl-volvera-al-bernabeu-con-un-partido-este-ano-y-otro-en-2027.html
En el taller de la opinión de Juan Gabriel Vásquez: “Los fanatismos políticos han destruido nuestra realidad común”,"El novelista colombiano presenta su nuevo libro, ‘Esto ha sucedido’, una compilación de sus columnas para El PAÍS. Lo discute junto a Javier Moreno, director de la Escuela de Periodismo UAM-EL PAÍS, en el Hay Festival de Cartagena",Camila Osorio,2026-02-02T00:20:29+01:00,https://elpais.com/aniversario/2026-02-01/en-el-taller-de-la-opinion-de-juan-gabriel-vasquez-los-fanatismos-politicos-han-destruido-nuestra-realidad-comun.html
Steven Spielberg entra en el selecto club de los EGOT tras ganar su primer Grammy,El cineasta estadounidense se hace con el galardón en la categoría a mejor película musical por el documental ‘La música de John Williams’,El País,2026-02-02T11:47:35+01:00,https://elpais.com/cultura/2026-02-02/steven-spielberg-entra-en-el-selecto-club-de-los-egot-tras-ganar-su-primer-grammy.html
El Prado reivindica como obras de arte las fotografías que cuentan su memoria,"Una muestra recopila parte de una colección de casi 11.000 imágenes con reproducciones de salas, cuadros y artistas de la pinacoteca",Ana Marcos,2026-02-02T14:29:48+01:00,https://elpais.com/cultura/2026-02-02/el-prado-reivindica-como-obras-de-arte-las-fotografias-que-cuentan-su-memoria.html
El Thyssen invita a meterse en un cuadro de Robert Rauschenberg,El museo madrileño se une a la celebración del centenario del nacimiento del artista con una instalación que reconstruye su proceso creativo,Rodrigo Naredo,2026-02-02T16:19:18+01:00,https://elpais.com/cultura/2026-02-02/el-thyssen-invita-a-meterse-en-un-cuadro-de-robert-rauschenberg.html
La batalla del arte contra el IVA: “No trabajamos en igualdad de condiciones”,Los galeristas españoles inician una semana de cierre para exigir el mismo impuesto reducido que se aplica en Europa desde 2022,Ángeles García,2026-02-02T05:30:01+01:00,https://elpais.com/cultura/2026-02-02/la-batalla-del-arte-contra-el-iva-no-trabajamos-en-igualdad-de-condiciones.html
Disney reduce sus ganancias mientras ultima la elección del sustituto para su histórico consejero delegado,"El gigante mundial del entretenimiento gana 2.402 millones, un 6% menos",Jesús Sérvulo González,2026-02-02T16:14:40+01:00,https://elpais.com/economia/2026-02-02/disney-reduce-sus-ganancias-mientras-busca-relevo-para-su-historico-consejero-delegado.html
La paradoja de Filipinas: tolerancia hacia lo trans en el único país del mundo donde el divorcio es ilegal,"En el país asiático, las mujeres transgénero gozan de alta visibilidad en la calle y los medios de comunicación. Mientras, sus élites políticas siguen siendo muy conservadoras, una contradicción que muestra la enorme brecha entre el poder legislativo y la gente corriente",Rodrigo Santodomingo,2026-02-02T05:30:00+01:00,https://elpais.com/planeta-futuro/2026-02-02/la-paradoja-de-filipinas-tolerancia-hacia-lo-trans-en-el-unico-pais-del-mundo-donde-el-divorcio-es-ilegal.html
Miles de personas escapan de los centros de trabajo forzoso dedicados al ciberfraude en Camboya,"Las víctimas, de numerosas nacionalidades, se encuentran varadas en el país asiático y sin recursos, alerta Amnistía Internacional",Guillermo Abril,2026-02-02T09:45:03+01:00,https://elpais.com/internacional/2026-02-02/miles-de-personas-escapan-de-los-centros-de-trabajo-forzoso-dedicados-al-ciberfraude-en-camboya.html
"Decenas de miles de portugueses siguen sin luz, agua y comunicaciones seis días después de la borrasca ‘Kristin’",El Gobierno amplía el estado de calamidad y moviliza 2.500 millones de euros en ayudas para tratar de combatir las críticas por la lentitud de su respuesta,Tereixa Constenla,2026-02-02T14:46:28+01:00,https://elpais.com/internacional/2026-02-02/decenas-de-miles-de-portugueses-siguen-sin-luz-agua-y-comunicaciones-seis-dias-despues-de-la-borrasca-kristin.html
"Boric anuncia la oficialización de la candidatura de Bachelet para dirigir la ONU, con el apoyo de Brasil y México",El presidente de Chile valora el respaldo de los gobiernos de Lula da Silva y de Claudia Sheinbaum a la nominación de la exmandataria a la Secretaría General de las Naciones Unidas,Maolis Castro,2026-02-02T14:20:35+01:00,https://elpais.com/chile/2026-02-02/boric-anuncia-la-oficializacion-de-la-candidatura-de-bachelet-a-dirigir-la-onu-con-el-apoyo-de-brasil-y-mexico.html
"Laura Fernández, candidata del Gobierno, será la próxima presidenta de Costa Rica tras arrasar en primera vuelta","Aupada por el presidente Rodrigo Chaves, Fernández logra el 50% de los votos en una jornada marcada por una alta participación",Carlos S. Maldonado,2026-02-02T04:20:13+01:00,https://elpais.com/america/2026-02-02/laura-fernandez-candidata-del-gobierno-sera-la-proxima-presidenta-de-costa-rica-tras-arrasar-en-primera-vuelta.html
"Judith Fernández, actriz de ‘Rondallas’: “Soy feliz levantándome a las siete y acostándome a las ocho”","Entre Galicia y Escocia, la televisión con ‘Las hijas de la criada’ y el cine con ‘Rondallas’, Judith Fernández reivindica avanzar paso a paso en una industria donde la constancia es clave",Carlos Megía,2026-01-31T05:31:00+01:00,https://elpais.com/smoda/placeres/2026-01-31/judith-fernandez-actriz-de-rondallas-soy-feliz-levantandome-a-las-siete-y-acostandome-a-las-ocho.html
¿De dónde son tus vecinos? El mapa calle a calle de los extranjeros,"Uno de cada cinco habitantes de España nació en otro país. EL PAÍS visualiza sus orígenes sobre un mapa extremadamente detallado, desde los europeos en la costa a los americanos en las grandes ciudades",Borja Andrino,2026-01-31T05:30:01+01:00,https://elpais.com/espana/2026-01-31/de-donde-son-tus-vecinos-el-mapa-calle-a-calle-de-los-extranjeros.html
"Jacinda Ardern, la primera ministra que sorprendió al mundo: “La vida pública se ha deshumanizado”","En 2023, renunció al cargo de primera ministra de Nueva Zelanda porque no tenía ya “la energía suficiente” para dar lo mejor de sí. Llevaba seis años. Su adiós fue el culmen de una manera distinta de ejercer el poder, opuesta a los hiperliderazgos masculinos que siguen dominando el mundo. Su modo de entender la política, basado en la empatía y la transparencia, la convirtió en un icono. Conversamos con ella en Londres",Mónica Ceberio Belaza,2026-02-01T05:40:00+01:00,https://elpais.com/eps/2026-02-01/jacinda-ardern-la-primera-ministra-que-sorprendio-al-mundo-la-vida-publica-se-ha-deshumanizado.html
El ‘sitio’ de Minneapolis: así resisten los vecinos de la ciudad demócrata el asedio migratorio de Trump,"Con una mezcla de solidaridad y rebeldía, los vecinos de Minnesota llevan semanas perfeccionando la red con la que plantan cara a los agentes federales y han logrado torcer la mano del Gobierno de Estados Unidos",Iker Seisdedos,2026-02-01T05:40:00+01:00,https://elpais.com/us/migracion/2026-02-01/el-sitio-de-minneapolis-asi-resisten-los-vecinos-de-la-ciudad-democrata-el-asedio-migratorio-de-trump.html
Llarga vida als morts: 6 recomanacions ferotges per al BCNegra,"Del títol número 100 de la col·lecció Crims.cat, una recuperació de Rafael Tasis, a lúltima traducció de Nicola Lagiola",Antonio Lozano Sagrera,2026-02-01T07:46:37+01:00,https://elpais.com/quadern/literatura/2026-02-01/llarga-vida-als-morts-6-recomanacions-ferotges-per-al-bcnegra.html
"Joan Font i Torrent, nuevo presidente de la Acadèmia Catalana de Gastronomia i Nutrició",Este abogado apasionado de la cocina y la literatura dirigirá la institución con el rumbo fijado hacia 2030,Mar Rocabert Maltas,2026-02-02T15:05:57+01:00,https://elpais.com/espana/catalunya/2026-02-02/joan-font-i-torrent-nuevo-presidente-de-la-academia-catalana-de-gastronomia-i-nutricio.html
Rodalies arranca la semana con cortes en 10 tramos tras detectar nuevas deficiencias,Pere Macias asegura que la recuperación progresiva de las líneas de Rodalies se producirá “a lo largo de esta semana”,Lorraine Delorenzo,2026-02-02T07:11:10+01:00,https://elpais.com/espana/catalunya/2026-02-02/rodalies-arranca-la-semana-con-cortes-en-10-puntos.html
Madrid corta dos carriles entre Alcalá y Cibeles para iniciar la remodelación del bulevar,Las obras tienen el objetivo de ampliar las aceras y así ganar espacio para los peatones,Agencia Servimedia,2026-02-02T10:14:05+01:00,https://elpais.com/espana/madrid/2026-02-02/madrid-corta-dos-carriles-entre-alcala-y-cibeles-para-iniciar-la-remodelacion-del-bulevar.html
Un grafiti de Fuenlabrada se cuela entre los tres mejores del mundo,Esta competición mundial ha contado en su edición de 2025 con 15 grafitis finalistas pintados en España. El del artista andaluz Murfin ha logrado el tercer puesto,EFE,2026-02-02T10:58:26+01:00,https://elpais.com/espana/madrid/2026-02-02/un-grafiti-de-fuenlabrada-se-cuela-entre-los-tres-mejores-del-mundo.html
La Policía de Madrid opta por las redadas preventivas: 41 detenidos en el fin de semana,"Las zonas de ocio de Leganés, Torrejón, Fuenlabrada y Coslada, y los distritos de Puente de Vallecas y Ciudad Lineal, fueron los principales objetivos de los agentes",Patricia Ortega Dolz,2026-02-02T14:33:19+01:00,https://elpais.com/espana/madrid/2026-02-02/la-policia-de-madrid-opta-por-las-redadas-preventivas-41-detenidos-en-el-fin-de-semana.html
La marmota de Pensilvania pronostica seis semanas más de invierno en Estados Unidos,El roedor más célebre del país augura que la primavera se retrasará seis semanas más este año,El País,2026-02-02T16:16:53+01:00,https://elpais.com/internacional/2026-02-02/la-marmota-de-pensilvania-pronostica-seis-semanas-mas-de-invierno-en-estados-unidos.html
"En manos de un coleccionista ligado al nazismo, después alojadas en un museo y ahora en Galicia, su verdadero dueño",El Museo Marès de Barcelona devuelve dos esculturas del románico robadas en un monasterio gallego tras la investigación detectivesca de un historiador,Elisa Lois,2026-02-02T05:30:01+01:00,https://elpais.com/espana/galicia/2026-02-02/en-manos-de-un-coleccionista-ligado-al-nazismo-despues-alojadas-en-un-museo-y-ahora-en-galicia-su-verdadero-dueno.html
"Galicia clama contra el crimen machista de Mos: “Que denuncien, que no sufran, que no aguanten”","María Belén Fernández no figuraba en el sistema VioGén, como sucede en la mayoría de los casos. El miedo y la vergüenza son los principales motivos por los que las mujeres no denuncian",Silvia R. Pontevedra,2026-02-02T15:56:51+01:00,https://elpais.com/sociedad/2026-02-02/galicia-clama-contra-el-crimen-machista-de-mos-que-denuncien-que-no-sufran-que-no-aguanten.html
El enigma Mur: olvidado por Ayuso y en los tribunales por las residencias,Uno de los encargados de los médicos durante la pandemia pasa consulta privada en Andorra y reconoce que “probablemente” se cometieron negligencias,Fernando Peinado,2026-02-02T05:30:01+01:00,https://elpais.com/espana/madrid/2026-02-02/el-enigma-mur-el-ex-cargo-de-ayuso-ignorado-por-sus-companeros-durante-la-pandemia-se-enfrenta-a-los-jueces.html
"Las monjas rebeldes de Belorado, ante su inminente desahucio: “Queremos un convento”","La comunidad cismática busca monasterio o sede, al margen de la Iglesia, tras la sentencia que las echa de sus inmuebles eclesiásticos",Juan Navarro,2026-02-02T14:00:11+01:00,https://elpais.com/espana/2026-02-02/las-monjas-rebeldes-de-belorado-ante-su-inminente-desahucio-queremos-un-convento.html
Quién es el hombre más peligroso de Estados Unidos,"¿Qué dicen las estrellas del romance entre Trump, el visionario, y Stephen Miller, el ejecutor?",Marta Peirano,2026-02-02T05:30:01+01:00,https://elpais.com/opinion/2026-02-02/quien-es-hombre-mas-peligroso-de-estados-unidos.html
Democratizar la empresa es completar la transición democrática,"Hay que desarrollar el artículo 129.2 de la Constitución, que permite que las personas que trabajan en las empresas participen en sus procesos de decisión",,2026-02-02T16:59:17+01:00,https://elpais.com/opinion/2026-02-02/democratizar-la-empresa-es-completar-la-transicion-democratica.html
La vida cuando llega el cáncer,"Los lectores y las lectoras escriben sobre el sistema público de salud, la regularización de los inmigrantes, el papel de Europa frente Trump, y  David Uclés",Cartas al Director,2026-02-02T05:30:01+01:00,https://elpais.com/opinion/2026-02-02/la-lucha-invisible-del-cancer.html
Riki Blanco: Cortinas de humo,La viñeta de Riki Blanco del 2 de febrero de 2026,Riki Blanco,2026-02-02T05:30:00+01:00,https://elpais.com/opinion/2026-02-02/riki-blanco-cortinas-de-humo.html
Los nuevos obreros,Reconocer la clase trabajadora es el primer paso para que la representación política vuelva a tener anclaje en la realidad social,Sara Berbel Sánchez,2026-02-02T05:30:01+01:00,https://elpais.com/espana/catalunya/2026-02-02/los-nuevos-obreros.html
Prohibir productos adictivos a los menores,El debate mundial sobre los adolescentes y las redes sociales ha virado por fin para hacer responsables a las compañías de los efectos nocivos,El País,2026-02-02T05:30:00+01:00,https://elpais.com/opinion/2026-02-02/prohibir-productos-adictivos-a-los-menores.html
La estafa que apela al sentimiento más universal,"Detrás de un contacto amistoso en las redes sociales, pueden esconderse intenciones menos honestas, como le ocurrió a una vecina de un pueblo del sur de España",Javier A. Fernández,2026-02-02T11:48:29+01:00,https://elpais.com/tecnologia/branded/ocurrio-en-internet/2026-02-02/la-estafa-que-apela-al-sentimiento-mas-universal.html
"Carmen Palacios-Berraquero, fundadora de Nu Quantum: “La supremacía cuántica se alcanzará pronto. Hay que actuar rápido”",La física madrileña de solo 34 años revoluciona el mundo de la computación con un sistema que salva los límites del crecimiento de cúbits,Raúl Limón,2026-02-02T05:30:01+01:00,https://elpais.com/tecnologia/2026-02-02/carmen-palacios-berraquero-fundadora-de-nu-quantum-la-supremacia-cuantica-se-alcanzara-pronto-hay-que-actuar-rapido.html
"Prisión preventiva para Marius Borg Høiby, hijo de Mette-Marit, horas antes de su juicio por 38 delitos","El hijo mayor de la princesa noruega fue arrestado el domingo por agresión física, amenazas con un cuchillo y quebrantamiento de la prohibición de visitar a una persona. El tribunal de distrito de Oslo ha determinado que esté en la cárcel hasta el 2 de marzo por riesgo de reincidencia",,2026-02-02T15:57:06+01:00,https://elpais.com/gente/2026-02-02/arrestado-marius-borg-hoiby-hijo-de-mette-marit-horas-antes-de-su-juicio-por-38-delitos.html
El documental ‘Melania’ recauda más de lo previsto en su estreno pero se queda lejos de recuperar costes,"Amazon invirtió 75 millones de dólares para un lanzamiento gigantesco, en 1.778 pantallas de EE UU, de la hagiografía de la primera dama. En España su debut ha sido un fracaso",Gregorio Belinchón,2026-02-02T14:57:45+01:00,https://elpais.com/cultura/cine/2026-02-02/el-documental-melania-recauda-mas-de-lo-previsto-en-su-estreno-pero-se-queda-lejos-de-recuperar-costes.html
"Moltbook, la red social donde los agentes de IA crean religiones y los humanos “son bienvenidos a observar”","La plataforma, que tiene una estructura similar a Reddit, afirma haber superado el millón y medio de bots registrados hasta el momento",Selva Vargas Reátegui,2026-02-02T16:47:18+01:00,https://elpais.com/tecnologia/2026-02-02/moltbook-la-red-social-donde-los-agentes-de-ia-crean-religiones-y-los-humanos-son-bienvenidos-a-observar.html
Todo lo que necesita saber del juego de fútbol de moda,"LALIGA FANTASY ha enganchado a miles de usuarios que disfrutan con la gestión de su propio equipo. Concluido el mercado de fichajes invernal, la competición entra en su fase decisiva. Estas son las claves para triunfar",,2026-02-02T04:30:00+01:00,https://elpais.com/deportes/branded/la-fuerza-de-nuestro-futbol/2026-02-02/todo-lo-que-necesita-saber-del-juego-de-futbol-de-moda.html
"El Supremo envía a la Audiencia Nacional la investigación a Cerdán, Ábalos y Koldo García sobre amaño de obra pública",El magistrado ha tomado esta decisión después de que Ábalos renunciara la semana pasada al escaño,Reyes Rincón,2026-02-02T11:26:33+01:00,https://elpais.com/espana/2026-02-02/el-supremo-envia-a-la-audiencia-nacional-la-investigacion-a-cerdan-abalos-y-koldo-garcia-sobre-amano-de-obra-publica.html
El Supremo obliga a la Comunidad de Madrid a eximir de las guardias a las médicas durante el primer año de lactancia,El tribunal confirma la sentencia que libera de jornadas de 24 horas a las facultativas y reconoce su derecho a seguir cobrando el complemento de esos turnos,Reyes Rincón,2026-02-02T16:29:45+01:00,https://elpais.com/sociedad/2026-02-02/el-supremo-obliga-a-la-comunidad-de-madrid-a-eximir-de-las-guardias-a-las-medicas-durante-el-primer-ano-de-lactancia.html
Los expertos de Trabajo piden que los empleados ocupen hasta la mitad de los sillones de los consejos de administración,"El informe reclama que las plantillas puedan acceder a la propiedad del capital social de la compañía, con un mínimo del 2%",Raquel Pascual Cortés,2026-02-02T12:41:04+01:00,https://elpais.com/economia/2026-02-02/los-expertos-de-trabajo-piden-que-los-empleados-ocupen-hasta-la-mitad-de-los-sillones-de-los-consejos-de-administracion.html
Detenida por maltrato a menores la dueña de una guardería de Algemesí (Valencia),"La mujer, de 55 años, denunciada por el personal del centro,  está acusada también de trato degradante a los niños",EP,2026-02-02T15:13:16+01:00,https://elpais.com/sociedad/2026-02-02/detenida-por-maltrato-a-menores-la-duena-de-una-guarderia-de-algemesi-valencia.html
Vall d’Hebron realiza con éxito el primer trasplante de cara del mundo a partir de una donante que recibió la eutanasia,Un centenar de profesionales del hospital barcelonés participan en la intervención para restaurar el rostro a una mujer que sufrió una necrosis,Jessica Mouzo,2026-02-02T11:17:33+01:00,https://elpais.com/salud-y-bienestar/2026-02-02/vall-dhebron-realiza-con-exito-el-primer-trasplante-de-cara-del-mundo-a-partir-de-una-donante-que-recibio-la-eutanasia.html
El acusado de matar a un joven en Burgos “por ser de Valladolid” admite el puñetazo y se disculpa: “No quería que esto pasara”,"El joven de 23 años que mató a Sergio Delgado, de 32, reconoce los hechos en la primera sesión del juicio",Juan Navarro,2026-02-02T16:37:40+01:00,https://elpais.com/espana/2026-02-02/el-acusado-de-matar-a-un-joven-en-burgos-por-ser-de-valladolid-admite-el-punetazo-y-se-disculpa-no-queria-que-esto-pasara.html
Brasil descubre con alarma que 13.000 alumnos a punto de acabar Medicina no saben lo mínimo para ejercer,Un tercio de los cursos universitarios suspende la primera evaluación nacional de la enseñanza a los futuros médicos. Las facultades con peores notas son municipales o privadas,Naiara Galarraga Gortázar,2026-02-02T05:30:01+01:00,https://elpais.com/america/2026-02-02/brasil-descubre-con-alarma-que-13000-alumnos-a-punto-de-acabar-medicina-no-saben-lo-minimo-para-ejercer.html
Pérez-Reverte anuncia que el polémico foro suspendido sobre la Guerra Civil en Sevilla se celebrará del 5 al 9 octubre e invitará a Pablo Iglesias,"Tras la polémica suscitada por la renuncia de David Uclés, que no quería compartir cartel con José María Aznar y con Iván Espinosa de los Monteros, los organizadores insisten en que la participación de ambos era sabida:",Javier Martín-Arroyo,2026-02-02T17:35:11+01:00,https://elpais.com/cultura/2026-02-02/perez-reverte-anuncia-que-el-polemico-foro-suspendido-sobre-la-guerra-civil-en-sevilla-se-celebrara-en-octubre-e-invitara-a-pablo-iglesias.html
"El paso fronterizo de Rafah, que conecta Gaza con Egipto, reabre tras casi dos años de cierre","Israel solo permitirá el movimiento de un número muy reducido de palestinos. Se prevé que hoy regresen a la Franja medio centenar, por otros tantos que salgan para recibir asistencia médica, de acuerdo con la televisión estatal egipcia",Marc Español,2026-02-02T09:46:47+01:00,https://elpais.com/internacional/2026-02-02/el-paso-fronterizo-de-rafah-que-conecta-gaza-con-egipto-reabre-tras-casi-dos-anos-de-cierre.html
Un francés de 24 años se presenta en el hospital con un obús de la I Guerra Mundial en el recto,"Los médicos tuvieron que operar al paciente, que podría ser acusado de posesión de munición, con ayuda de los artificieros",Daniel Verdú,2026-02-02T16:20:36+01:00,https://elpais.com/internacional/2026-02-02/un-frances-de-24-anos-se-presenta-en-el-hospital-con-un-obus-de-la-i-guerra-mundial-en-el-recto.html
"Liam Conejo, el niño de cinco años detenido por el ICE, se sienta con el piloto durante el vuelo de vuelta a Minneapolis tras ser liberado","El pequeño ha regresado a su ciudad junto a su padre tras permanecer detenidos desde el 20 de enero, un caso cuyas imágenes desataron la indignación contra la ofensiva migratoria de la Administración Trump",El País,2026-02-02T11:46:53+01:00,https://elpais.com/videos/2026-02-02/liam-conejo-el-nino-de-cinco-anos-detenido-por-el-ice-se-sienta-con-el-piloto-durante-el-vuelo-de-vuelta-a-minneapolis-tras-ser-liberado.html?autoplay=1
Identificados los dos agentes que mataron a Alex Pretti en Minneapolis,"Jesús Ochoa y Raymundo Gutiérrez, miembros de la Patrulla Fronteriza, fueron enviados a Minnesota por las autoridades migratorias de Trump desde el sur de Texas",Iker Seisdedos,2026-02-02T05:25:17+01:00,https://elpais.com/us/migracion/2026-02-02/identificados-los-dos-agentes-que-mataron-a-alex-pretti-en-minneapolis.html
Un muerto y un herido en el desembarco de una patera en Almería,Ambos viajaban junto a una veintena de adultos y un menor,EFE,2026-02-02T17:22:08+01:00,https://elpais.com/espana/2026-02-02/un-muerto-y-un-herido-en-el-desembarco-de-una-patera-en-almeria.html
La exministra Pilar Alegría se arriesga al peor resultado del PSOE en Aragón,"En apenas una semana, el porcentaje de votantes socialistas indecisos ha bajado casi cuatro puntos, pero no en su favor. El sondeo es posterior al accidente de Adamuz",Natalia Junquera,2026-02-02T05:30:01+01:00,https://elpais.com/espana/2026-02-02/la-exministra-pilar-alegria-se-arriesga-al-peor-resultado-del-psoe-en-aragon.html
Las izquierdas elevan la presión para que el Gobierno no deje caer la protección contra los desahucios,"Sumar se abre a que la medida vaya en dos decretos separados, pero quiere que el Ejecutivo los apruebe a la vez. El PNV reclama que el escudo social se amplíe a los pequeños propietarios con una sola vivienda en alquiler",Paula Chouza,2026-02-02T13:48:55+01:00,https://elpais.com/espana/2026-02-02/las-izquierdas-elevan-la-presion-para-que-el-gobierno-no-deje-caer-la-proteccion-contra-los-desahucios.html
La Audiencia Nacional rechaza la querella que presentó Hazte Oír contra Zapatero por narcotráfico,"La Fiscalía Antidroga calificó la denuncia del grupo ultracatólico como “conjeturas, suposiciones y deducciones infundadas”",J. J. Gálvez,2026-02-02T14:21:58+01:00,https://elpais.com/espana/2026-02-02/la-audiencia-nacional-rechaza-la-querella-que-presento-hazte-oir-contra-zapatero-por-narcotrafico.html
Carlos Alcaraz: “Soy una persona sensible a la que le afectan bastante las emociones”,"El número uno charla con EL PAÍS tras convertirse en el más veloz en completar el Grand Slam. Ya es una superestrella, pero actúa como un simple chico de Murcia",Alejandro Ciriza,2026-02-02T09:36:51+01:00,https://elpais.com/deportes/tenis/2026-02-02/carlos-alcaraz-soy-una-persona-sensible-a-la-que-le-afectan-bastante-las-emociones.html
Los ‘looks’ de la alfombra roja de los Grammy 2026: de las transparencias de Karol G a las plumas de Lady Gaga,,Beatriz García,2026-02-02T00:45:42+01:00,https://elpais.com/smoda/moda/2026-02-01/los-mejores-looks-de-la-alfombra-roja-de-los-grammy-2026.html
"Bad Bunny, en los Grammy: “Fuera ICE. No somos salvajes, no somos animales, no somos aliens. Somos humanos”","Al recoger el premio a mejor álbum latino por su ‘DeBÍ TiRAR MáS FOToS’, el puertorriqueño dio un celebrado discurso en contra del ICE",María Porcel,2026-02-02T04:45:19+01:00,https://elpais.com/us/entretenimiento/2026-02-02/bad-bunny-en-los-grammy-no-somos-salvajes-no-somos-animales-no-somos-aliens-somos-humanos.html
Trump amenaza con denunciar a Trevor Noah por las bromas en los Grammy sobre su relación con Epstein: “Nunca me habían acusado de eso”,"El presentador aseguró en los premios de la música que el presidente y Bill Clinton habían estado en la isla del pederasta, y el magnate le llama “completo perdedor”",El País,2026-02-02T11:49:49+01:00,https://elpais.com/television/2026-02-02/trump-amenaza-con-denunciar-al-presentador-de-los-grammy-por-sus-bromas-sobre-su-relacion-con-epstein-nunca-me-habian-acusado-de-eso.html
"Bad Bunny, rey de unos Grammy 2026 de intenso alegato contra Trump y sus políticas migratorias","Kendrick Lamar rompe récords al lograr 27 galardones. Lola Young y Billie Eilish, ganadoras por sorpresa. El presentador, Trevor Noah, sorprende en sus pullas contra el presidente",María Porcel,2026-02-02T06:35:20+01:00,https://elpais.com/cultura/2026-02-02/bad-bunny-rey-de-unos-grammy-2026-de-intenso-alegato-contra-trump-y-sus-politicas-migratorias.html
Ayuso acusa al Gobierno de Sánchez de buscar inmigrantes pobres con fines electorales “para vivir de la pancarta y la subvención”,La presidenta de la Comunidad de Madrid cree que el Gobierno central solo quiere sacar provecho propio de la medida y colapsar los servicios públicos,Daniela Gutiérrez,2026-02-02T09:49:09+01:00,https://elpais.com/espana/madrid/2026-02-02/ayuso-y-el-bulo-de-que-la-regularizacion-extraordinaria-de-migrantes-tiene-fines-electorales.html
Irene Montero contesta a Elon Musk tras acusarla de incitar al genocidio: “Las personas decentes deben reemplazarte”,El dueño de X cargó previamente contra la eurodiputada por sus palabras en un mitin en Zaragoza sobre la regularización de más de 500.000 inmigrantes,El País,2026-02-02T14:31:19+01:00,https://elpais.com/espana/2026-02-02/irene-montero-contesta-a-elon-musk-tras-acusarla-de-incitar-al-genocidio-las-personas-decentes-deben-reemplazarte.html
"Adif pide a Renfe, Iryo y Ouigo que retiren sus servicios de última hora en la Madrid-Barcelona para dar más tiempo a sus revisiones",La operadora pública retira tres AVE ante la necesidad de mayor margen para revisar cada jornada las crecientes incidencias en la vía comunicadas por los maquinistas,J. F. Magariño,2026-02-02T13:57:36+01:00,https://elpais.com/economia/2026-02-02/adif-pide-a-renfe-iryo-y-ouigo-que-retiren-sus-servicios-de-ultima-hora-en-la-madrid-barcelona-para-dar-mas-tiempo-a-sus-revisiones.html
Cerdán asegura que no informó a Sánchez de las reuniones con Leire Díez y que habló con ella al salir de prisión,Antonio Hernando asegura que Díez ofreció información de la policía patriótica contra el presidente del Gobierno,Irene Dorta,2026-02-02T12:40:57+01:00,https://elpais.com/espana/2026-02-02/hernando-reconoce-una-reunion-con-leire-diez-en-la-que-ella-ofrecio-informacion-de-la-policia-patriotica-contra-sanchez.html
"Feijóo, sobre la dimisión de Mazón: “Se da cuenta de que, cuando la gente no te da la razón, lo más honesto es irte”","El líder del PP afirma que mandó sus mensajes a la jueza en Nochebuena para “hacerlo a la mayor celeridad posible”, aunque el acta fue registrada ante notario dos días antes",Virginia Martínez,2026-02-02T16:21:48+01:00,https://elpais.com/espana/2026-02-02/feijoo-sobre-la-dimision-de-mazon-se-da-cuenta-de-que-cuando-la-gente-no-te-da-la-razon-lo-mas-honesto-es-irte.html
